104/11/02,250313,2495233,10.05,10.1,9.9,9.97,-0.03,105
104/11/03,345307,3461290,10.05,10.1,9.98,10.05,0.08,123
104/11/04,236733,2373720,9.95,10.1,9.95,10.1,0.05,152
104/11/05,245813,2455900,10.05,10.05,9.92,10.05,-0.05,133
104/11/06,245039,2430457,10.05,10.05,9.78,9.98,-0.07,91
104/11/09,92158,911839,9.96,9.99,9.81,9.89,-0.09,66
104/11/10,197801,1922445,9.85,9.85,9.6,9.67,-0.22,114
104/11/11,691086,6411668,9.67,9.67,9.05,9.34,-0.33,242
104/11/12,363811,3380240,9.34,9.49,9.16,9.43,0.09,136
104/11/13,325251,3017953,9.42,9.42,9.12,9.28,-0.15,103
104/11/16,117624,1084502,9.2,9.41,9.13,9.2,-0.08,81
104/11/17,207315,1953279,9.3,9.68,9.3,9.45,0.25,118
104/11/18,158801,1481917,9.57,9.57,9.12,9.35,-0.1,97
104/11/19,213013,1985334,9.32,9.49,9.26,9.32,-0.03,142
104/11/20,180938,1671305,9.26,9.35,9.21,9.21,-0.11,73
104/11/23,204081,1882897,9.35,9.4,9.12,9.15,-0.06,97
104/11/24,152053,1386093,9.15,9.26,9.06,9.15,0,72
104/11/25,176805,1606029,9.23,9.23,9.02,9.14,-0.01,111
104/11/26,100182,916737,9.14,9.23,9.11,9.22,0.08,57
104/11/27,124354,1142439,9.22,9.35,9.1,9.21,-0.01,70
104/11/30,110155,998213,9.1,9.23,9,9.1,-0.11,61
104/12/01,103250,934973,9.21,9.21,8.95,9.13,0.03,73
104/12/02,93955,858126,9.1,9.21,9.06,9.13,0,70
104/12/03,101589,922605,9.19,9.19,9,9.14,0.01,75
104/12/04,196255,1800916,9.14,9.22,9.05,9.19,0.05,102
104/12/07,273243,2522025,9.26,9.33,9.15,9.18,-0.01,107
104/12/08,156013,1428596,9.18,9.24,9.05,9.18,0,55
104/12/09,319494,2882720,9.16,9.18,8.9,9.03,-0.15,110
104/12/10,46001,412779,9.13,9.13,8.89,8.98,-0.05,23
104/12/11,283659,2563881,8.99,9.14,8.93,9.05,0.07,123
104/12/14,79401,717179,9.08,9.08,8.99,9.03,-0.02,54
104/12/15,205255,1846597,9.12,9.13,8.91,9.13,0.1,102
104/12/16,58652,532658,9.2,9.2,9.02,9.05,-0.08,40
104/12/17,111349,1000784,9.1,9.1,8.95,9.02,-0.03,68
104/12/18,483304,4457279,9.35,9.42,9.04,9.08,0.06,216
104/12/21,171927,1564521,9,9.17,9,9.1,0.02,84
104/12/22,80979,735861,9.14,9.14,9.05,9.11,0.01,49
104/12/23,931479,8786084,9.1,9.74,9.05,9.4,0.29,391
104/12/24,797674,7629817,9.6,9.65,9.45,9.47,0.07,325
104/12/25,209426,1966570,9.56,9.57,9.3,9.4,-0.07,102
104/12/28,103522,965967,9.32,9.48,9.25,9.35,-0.05,74
104/12/29,53761,498762,9.36,9.37,9.25,9.25,-0.1,47
104/12/30,117753,1087239,9.33,9.35,9.19,9.22,-0.03,69
104/12/31,151833,1396019,9.3,9.3,9.16,9.22,0,63
105/01/04,25100,230609,9.27,9.27,9.16,9.2,-0.02,36
105/01/05,50975,468238,9.29,9.29,9.14,9.18,-0.02,37
105/01/06,102055,924999,9.11,9.19,9,9.1,-0.08,65
105/01/07,240331,2155679,9.1,9.1,8.93,9,-0.1,96
105/01/08,81415,730691,8.9,9,8.9,8.95,-0.05,54
105/01/11,56161,500428,8.87,8.97,8.85,8.94,-0.01,51
105/01/12,72465,644431,8.95,8.95,8.8,8.94,0,67
105/01/13,85004,754006,9,9,8.8,8.97,0.03,50
105/01/14,140502,1229150,8.8,8.9,8.69,8.8,-0.17,96
105/01/15,156507,1378504,8.96,8.96,8.7,8.84,0.04,69
105/01/18,82859,732102,8.8,8.88,8.75,8.87,0.03,60
105/01/19,216491,1927287,9.19,9.19,8.83,8.9,0.03,72
105/01/20,100007,887386,8.9,9,8.81,8.81,-0.09,52
105/01/21,49854,442744,8.82,8.98,8.81,8.85,0.04,38
105/01/22,38253,339726,8.9,8.98,8.81,8.9,0.05,34
105/01/25,82860,757070,9.36,9.36,9.01,9.06,0.16,64
105/01/26,53232,480361,9.06,9.17,8.93,9.05,-0.01,35
105/01/27,257768,2391714,9.18,9.56,9.13,9.2,0.15,170
105/01/28,55308,504902,9,9.26,9,9.18,-0.02,43
105/01/29,82289,747646,9.2,9.2,9.02,9.1,-0.08,59
105/01/30,1246464,11296417,9.19,9.19,9.03,9.18,0.08,212
105/02/01,381529,3531284,9.39,9.39,9.18,9.2,0.02,139
105/02/02,100813,928650,9.22,9.26,9.13,9.24,0.04,53
105/02/03,98964,902863,9.15,9.19,9.03,9.12,-0.12,74
105/02/15,200050,1867894,9.49,9.49,9.26,9.29,0.17,144
105/02/16,1325245,12892040,9.37,9.98,9.3,9.85,0.56,536
105/02/17,329919,3171911,9.7,9.8,9.54,9.54,-0.31,191
105/02/18,600644,5853168,9.8,9.83,9.62,9.63,0.09,258
105/02/19,188889,1821046,9.63,9.78,9.53,9.56,-0.07,121
105/02/22,1392016,14040270,9.69,10.5,9.69,10,0.44,509
105/02/23,4650688,50447518,10.5,11,10.4,11,1,1439
105/02/24,2504449,26734051,11,11.1,10.25,10.6,-0.4,795
105/02/25,720182,7607486,10.6,10.7,10.35,10.45,-0.15,298
105/02/26,978901,10595285,10.6,11.05,10.6,10.7,0.25,514
105/03/01,536145,5655011,10.7,10.7,10.45,10.45,-0.25,268
105/03/02,1103659,11488855,10.65,10.7,10.3,10.4,-0.05,351
105/03/03,1257918,13392473,10.5,10.85,10.5,10.55,0.15,487
105/03/04,468451,4986717,10.65,10.75,10.5,10.65,0.1,231
105/03/07,2545484,28671715,11,11.45,10.9,11.35,0.7,943
105/03/08,2121342,24218005,11.6,11.75,11.05,11.15,-0.2,737
105/03/09,1021343,10835160,10.8,10.8,10.4,10.5,-0.65,480
105/03/10,391476,4132691,10.65,10.7,10.35,10.5,0,206
105/03/11,606346,6356622,10.5,10.6,10.4,10.55,0.05,184
105/03/14,310818,3252828,10.7,10.7,10.35,10.45,-0.1,197
105/03/15,505232,5139088,10.45,10.5,10,10.1,-0.35,229
105/03/16,347396,3506934,10,10.25,9.95,10.2,0.1,191
105/03/17,165857,1684112,10.25,10.35,10.05,10.05,-0.15,98
105/03/18,306258,3099930,10.3,10.35,10,10.1,0.05,130
105/03/21,301580,3044302,10,10.25,10,10.2,0.1,142
105/03/22,253507,2572868,10.25,10.25,10.05,10.25,0.05,105
105/03/23,133526,1345610,10.25,10.25,10,10.15,-0.1,71
105/03/24,196533,1969030,10.05,10.15,9.95,10.05,-0.1,95
105/03/25,179509,1798230,10.1,10.1,9.92,10.1,0.05,102
105/03/28,279561,2827702,10.1,10.2,9.95,10.2,0.1,120
105/03/29,511562,5136267,10.2,10.3,9.95,10.2,0,269
105/03/30,64287,646410,10.2,10.2,9.99,10.1,-0.1,59
105/03/31,123725,1242370,10.1,10.15,9.98,10.05,-0.05,93
105/04/01,84165,838283,10.1,10.1,9.9,10,-0.05,87
105/04/06,224353,2239933,9.91,10.05,9.9,10,0,153
105/04/07,126699,1262510,10,10,9.92,10,0,81
105/04/08,83558,833759,10,10,9.91,9.99,-0.01,68
105/04/11,136501,1364790,10,10.05,9.94,10.05,0.06,75
105/04/12,776631,7999248,10.15,10.45,10.15,10.25,0.2,399
105/04/13,1967284,21006854,10.45,10.9,10.4,10.55,0.3,757
105/04/14,1750034,18997836,10.7,11.05,10.65,10.75,0.2,642
105/04/15,331331,3509308,10.7,10.7,10.5,10.5,-0.25,209
105/04/18,528430,5612065,10.5,10.8,10.5,10.5,0,316
105/04/19,622587,6620505,10.7,10.8,10.5,10.65,0.15,250
105/04/20,502051,5335365,10.7,10.75,10.5,10.6,-0.05,219
105/04/21,351502,3728219,10.7,10.7,10.5,10.6,0,134
105/04/22,282997,2982513,10.5,10.65,10.45,10.55,-0.05,126
105/04/25,219935,2285633,10.5,10.5,10.3,10.3,-0.25,108
105/04/26,365301,3786450,10.3,10.5,10.3,10.35,0.05,130
105/04/27,870615,8696957,10.45,10.45,10.05,10.35,0,181
105/04/28,202579,2079695,10.35,10.35,10.15,10.25,-0.1,61
105/04/29,238861,2430793,10.25,10.25,10.05,10.2,-0.05,117
105/05/03,1850783,18094556,10.2,10.25,10.1,10.15,-0.05,100
105/05/04,399258,3940074,10.15,10.15,9.73,9.96,-0.19,166
105/05/05,201858,1996122,10,10.05,9.81,9.88,-0.08,106
105/05/06,107552,1056659,9.88,10,9.77,9.81,-0.07,57
105/05/09,2355696,21989914,9.9,9.9,9.74,9.8,-0.01,38
105/05/10,244956,2360077,9.56,9.83,9.56,9.83,0.03,100
105/05/11,223182,2185873,9.84,9.98,9.76,9.77,-0.06,164
105/05/12,115288,1124449,9.8,9.8,9.66,9.75,-0.02,53
105/05/13,384281,3664288,9.6,9.76,9.45,9.62,-0.13,136
105/05/16,124114,1199934,9.7,9.9,9.52,9.61,-0.01,76
105/05/17,53307,511256,9.73,9.73,9.53,9.61,0,36
105/05/18,504070,4820196,9.68,9.77,9.4,9.74,0.13,257
105/05/19,114001,1106319,9.7,9.84,9.56,9.64,-0.1,53
105/05/20,16918,163211,9.75,9.75,9.64,9.64,0,13
105/05/23,101100,982970,9.75,10,9.65,9.69,0.05,64
105/05/24,83701,809258,9.69,9.7,9.63,9.7,0.01,48
105/05/25,108749,1054465,9.7,9.75,9.65,9.66,-0.04,67
105/05/26,31160,302028,9.78,9.78,9.66,9.7,0.04,30
105/05/27,72478,701841,9.7,9.78,9.65,9.7,0,56
105/05/30,94231,915616,9.78,9.78,9.69,9.74,0.04,46
105/05/31,113918,1097827,9.8,9.83,9.53,9.58,-0.16,67
105/06/01,122245,1175934,9.5,9.7,9.5,9.67,0.09,71
105/06/02,105293,1012241,9.66,9.67,9.59,9.66,-0.01,43
105/06/03,57401,551438,9.51,9.7,9.51,9.67,0.01,34
105/06/04,93010,906777,9.8,9.8,9.68,9.74,0.07,46
105/06/06,141233,1366205,9.8,9.8,9.6,9.76,0.02,54
105/06/07,145399,1419146,9.8,9.8,9.72,9.75,-0.01,54
105/06/08,119160,1162339,9.72,9.8,9.72,9.78,0.03,51
105/06/13,109407,1063918,9.74,9.78,9.68,9.74,-0.04,72
105/06/14,258776,2560084,9.7,10,9.7,9.86,0.12,78
105/06/15,67905,663367,9.8,9.8,9.72,9.79,-0.07,54
105/06/16,188406,1840475,9.8,9.8,9.71,9.79,0,96
105/06/17,112571,1101607,9.89,9.89,9.73,9.79,0,45
105/06/20,115796,1137949,9.8,9.92,9.71,9.78,-0.01,62
105/06/21,163703,1604794,9.8,9.85,9.76,9.76,-0.02,61
105/06/22,82756,810524,9.76,9.85,9.75,9.84,0.08,39
105/06/23,129509,1274753,9.85,9.9,9.8,9.84,0,61
105/06/24,76177,740876,9.8,9.84,9.6,9.7,-0.14,45
105/06/27,110001,1061429,9.78,9.78,9.63,9.63,-0.07,43
105/06/28,89269,859709,9.63,9.7,9.61,9.61,-0.02,46
105/06/29,179543,1726568,9.65,9.75,9.53,9.53,-0.08,84
105/06/30,198383,1926782,9.75,9.75,9.66,9.74,0.21,85
105/07/01,339311,3316982,9.75,9.8,9.74,9.79,0.05,123
105/07/04,1485810,15158630,9.9,10.3,9.9,10.25,0.46,503
105/07/05,523294,5365340,10.25,10.35,10.15,10.15,-0.1,195
105/07/06,555580,5601858,10.1,10.2,9.98,10,-0.15,201
105/07/07,562502,5686137,10.1,10.2,10,10.2,0.2,178
105/07/11,360289,3678715,10.25,10.3,10.15,10.15,-0.05,128
105/07/12,177785,1801976,10.2,10.2,10.1,10.1,-0.05,92
105/07/13,1187647,12405246,10.25,10.65,10.25,10.25,0.15,452
105/07/14,1979091,20950091,10.25,10.8,10.25,10.5,0.25,631
105/07/15,762718,7922442,10.5,10.5,10.3,10.35,-0.15,227
105/07/18,647569,6605018,10.3,10.3,10.1,10.2,-0.15,193
105/07/19,395296,4051752,10.25,10.3,10.2,10.2,0,104
105/07/20,624500,6455198,10.25,10.4,10.25,10.4,0.2,184
105/07/21,541338,5617131,10.4,10.45,10.3,10.35,-0.05,153
105/07/22,534540,5514809,10.35,10.4,10.2,10.35,0,161
105/07/25,329302,3364328,10.35,10.35,10.15,10.2,-0.15,112
105/07/26,742030,7458150,10.15,10.2,10,10.05,-0.15,177
105/07/27,613929,6140305,10,10.05,9.98,9.98,-0.07,140
105/07/28,409143,4087180,9.96,10.05,9.92,10.05,0.07,113
105/07/29,420251,4255860,10.1,10.2,10.05,10.1,0.05,124
105/08/01,370594,3721395,10.05,10.15,10,10.15,0.05,103
105/08/02,285607,2874520,10.1,10.15,10,10.05,-0.1,91
105/08/03,162010,1618650,10,10.05,9.96,10,-0.05,62
105/08/04,401837,4018258,9.97,10.05,9.97,10,0,113
105/08/05,241894,2414333,9.99,10,9.95,10,0,79
105/08/08,268938,2688236,9.99,10.05,9.99,10,0,74
105/08/09,1186005,12066750,10,10.3,10,10.1,0.1,341
105/08/10,488670,4944753,10.1,10.2,10,10,-0.1,155
105/08/11,280000,2787723,10,10,9.85,9.98,-0.02,120
105/08/12,359039,3581104,9.97,10,9.95,9.97,-0.01,110
105/08/15,489549,4801583,9.95,9.95,9.71,9.76,-0.21,238
105/08/16,376589,3670593,9.75,9.77,9.71,9.73,-0.03,152
105/08/17,589250,5815515,9.88,9.9,9.8,9.84,0.11,160
105/08/18,1016518,10213065,9.9,10.2,9.84,10.05,0.21,308
105/08/19,243709,2411668,10.05,10.05,9.85,9.89,-0.16,145
105/08/22,234252,2329057,9.9,9.98,9.9,9.93,0.04,157
105/08/23,238909,2357640,9.95,9.98,9.8,9.94,0.01,119
105/08/24,154928,1524042,9.81,9.94,9.81,9.84,-0.1,92
105/08/25,127012,1242391,9.74,9.83,9.74,9.77,-0.07,81
105/08/26,120629,1181448,9.77,9.85,9.77,9.81,0.04,85
105/08/29,341396,3305786,9.76,9.76,9.62,9.64,-0.17,205
105/08/30,324509,3154968,9.69,9.77,9.67,9.71,0.07,172
105/08/31,153433,1484440,9.72,9.72,9.63,9.63,-0.08,112
105/09/01,3711366,34011102,9.63,9.63,9.6,9.63,0,77
105/09/02,145575,1400598,9.63,9.64,9.59,9.63,0,67
105/09/05,217401,2103267,9.63,9.74,9.63,9.74,0.11,61
105/09/06,159900,1558692,9.7,9.77,9.7,9.76,0.02,53
105/09/07,243861,2378129,9.75,9.78,9.66,9.78,0.02,59
105/09/08,125364,1220496,9.7,9.78,9.7,9.76,-0.02,41
105/09/09,90356,882129,9.76,9.79,9.71,9.75,-0.01,44
105/09/10,91244,880867,9.7,9.76,9.63,9.66,-0.09,57
105/09/12,196509,1897124,9.63,9.67,9.61,9.66,0,75
105/09/13,224354,2164298,9.62,9.66,9.61,9.65,-0.01,59
105/09/14,340147,3271325,9.61,9.64,9.6,9.63,-0.02,97
105/09/19,77555,743275,9.62,9.63,9.55,9.63,0,48
105/09/20,135753,1297453,9.51,9.62,9.51,9.59,-0.04,77
105/09/21,271552,2610328,9.7,9.7,9.55,9.65,0.06,141
105/09/22,311572,3065174,10,10,9.72,9.72,0.07,133
105/09/23,2015499,19096706,9.3,9.69,9.3,9.62,-0.1,400
105/09/26,206162,1984253,9.65,9.65,9.58,9.65,0.03,87
105/09/29,230200,2225944,9.75,9.75,9.62,9.66,0.01,68
105/09/30,220617,2124978,9.66,9.7,9.6,9.63,-0.03,63
105/10/03,225789,2175994,9.63,9.69,9.58,9.6,-0.03,50
105/10/04,124209,1190193,9.66,9.66,9.56,9.57,-0.03,51
105/10/05,126345,1204612,9.65,9.65,9.5,9.55,-0.02,77
105/10/06,102735,978562,9.6,9.6,9.5,9.56,0.01,55
105/10/07,177955,1689232,9.62,9.62,9.47,9.5,-0.06,66
105/10/11,322213,3029719,9.58,9.58,9.34,9.52,0.02,121
105/10/12,145872,1371093,9.48,9.57,9.32,9.44,-0.08,83
105/10/13,216694,2035755,9.42,9.45,9.31,9.45,0.01,77
105/10/14,50745,477831,9.48,9.5,9.34,9.43,-0.02,35
105/10/17,45172,424763,9.4,9.44,9.33,9.35,-0.08,37
105/10/18,137155,1284931,9.33,9.41,9.33,9.38,0.03,36
105/10/19,371857,3494503,9.46,9.48,9.33,9.48,0.1,86
105/10/20,750848,7190698,9.52,9.67,9.52,9.55,0.07,255
105/10/21,300632,2874768,9.7,9.7,9.48,9.48,-0.07,122
105/10/24,203052,1920499,9.5,9.56,9.42,9.46,-0.02,71
105/10/25,155652,1474325,9.56,9.56,9.42,9.47,0.01,71
105/10/26,1990616,19472149,9.53,9.87,9.53,9.68,0.21,641
105/10/27,590688,5737435,9.8,9.84,9.65,9.68,0,199
105/10/28,307615,2970524,9.71,9.71,9.57,9.58,-0.1,106
105/10/31,482973,4654431,9.66,9.68,9.58,9.59,0.01,139
105/11/01,291824,2791163,9.69,9.69,9.5,9.5,-0.09,107
105/11/02,436315,4098344,9.5,9.5,9.33,9.38,-0.12,162
105/11/03,123580,1157223,9.34,9.41,9.34,9.34,-0.04,65
105/11/04,124250,1164087,9.41,9.43,9.34,9.36,0.02,46
105/11/07,2115405,20525755,9.39,9.8,9.39,9.74,0.38,520
105/11/08,3771099,37817445,9.92,10.2,9.9,9.94,0.2,1096
105/11/09,1264588,12370011,9.99,10.05,9.55,9.74,-0.2,492
105/11/10,9536621,100861730,10.05,10.7,10.05,10.7,0.96,2239
105/11/11,8512403,93126928,10.9,11.2,10.6,10.95,0.25,2394
105/11/14,2232376,23985462,10.95,11.05,10.5,10.8,-0.15,814
105/11/15,4622206,51402359,10.8,11.45,10.75,10.8,0,1497
105/11/16,1829092,19405762,10.85,10.9,10.5,10.55,-0.25,732
105/11/17,1185500,12633999,10.6,10.8,10.5,10.55,0,429
105/11/18,1115753,11802156,10.65,10.7,10.5,10.55,0,350
105/11/21,2610100,28092974,10.65,10.9,10.55,10.85,0.3,842
105/11/22,2787275,30610874,11,11.2,10.8,10.9,0.05,771
105/11/23,7190325,81023715,11.05,11.55,10.85,10.85,-0.05,2076
105/11/24,1319077,14472284,10.95,11.05,10.9,11.05,0.2,457
105/11/25,1781596,19493992,11.05,11.2,10.8,10.85,-0.2,524
105/11/28,1850661,20274011,10.95,11.1,10.85,10.9,0.05,500
105/11/29,999752,10901805,10.9,11,10.85,10.9,0,264
105/11/30,1009347,10991544,11,11.05,10.8,10.85,-0.05,254
105/12/01,683648,7363176,10.8,10.9,10.7,10.75,-0.1,249
105/12/02,802597,8692033,10.7,10.95,10.65,10.8,0.05,254
105/12/05,424495,4591511,10.85,10.95,10.7,10.85,0.05,215
105/12/06,2465236,27015033,10.95,11.15,10.75,10.8,-0.05,549
105/12/07,855663,9338822,10.8,11,10.8,10.95,0.15,248
105/12/08,859001,9354007,11,11.05,10.8,10.9,-0.05,265
105/12/09,822206,8897258,10.9,10.9,10.75,10.75,-0.15,197
105/12/12,766627,8284631,10.8,10.85,10.75,10.8,0.05,201
105/12/13,1377324,15060342,10.9,11,10.85,10.9,0.1,383
105/12/14,891625,9634663,10.95,11,10.7,10.8,-0.1,267
105/12/15,558992,5979312,10.75,10.8,10.6,10.7,-0.1,160
105/12/16,7324621,82702586,10.9,11.5,10.9,11.15,0.45,2089
105/12/19,1192504,13000839,11.15,11.2,10.8,10.8,-0.35,390
105/12/20,499332,5440395,10.85,10.95,10.85,10.9,0.1,245
105/12/21,489251,5284594,10.95,10.95,10.75,10.8,-0.1,185
105/12/22,800616,8533208,10.85,10.85,10.6,10.6,-0.2,265
105/12/23,720832,7547149,10.5,10.6,10.4,10.45,-0.15,262
105/12/26,455890,4750886,10.55,10.55,10.35,10.5,0.05,191
105/12/27,530991,5492454,10.45,10.45,10.25,10.4,-0.1,182
105/12/28,437042,4550033,10.4,10.5,10.3,10.45,0.05,143
105/12/29,350051,3632630,10.3,10.5,10.3,10.45,0,128
105/12/30,387561,4059932,10.5,10.55,10.35,10.45,0,140
106/01/03,213662,2230963,10.5,10.55,10.35,10.45,0,110
106/01/03,213662,2230963,10.5,10.55,10.35,10.45,0,110
106/01/04,386607,4047340,10.55,10.55,10.4,10.45,0,153
106/01/04,386607,4047340,10.55,10.55,10.4,10.45,0,153
106/01/05,511053,5345197,10.55,10.55,10.4,10.5,0.05,175
106/01/05,511053,5345197,10.55,10.55,10.4,10.5,0.05,175
106/01/06,798230,8278834,10.5,10.5,10.3,10.45,-0.05,252
106/01/06,798230,8278834,10.5,10.5,10.3,10.45,-0.05,252
106/01/09,295724,3061904,10.45,10.45,10.3,10.3,-0.15,117
106/01/09,295724,3061904,10.45,10.45,10.3,10.3,-0.15,117
106/01/10,333803,3447814,10.4,10.4,10.25,10.4,0.1,130
106/01/10,333803,3447814,10.4,10.4,10.25,10.4,0.1,130
106/01/11,587019,6147742,10.4,10.55,10.4,10.45,0.05,196
106/01/11,587019,6147742,10.4,10.55,10.4,10.45,0.05,196
106/01/12,318698,3328503,10.4,10.55,10.4,10.4,-0.05,136
106/01/12,318698,3328503,10.4,10.55,10.4,10.4,-0.05,136
106/01/13,157790,1637572,10.4,10.45,10.35,10.4,0,82
106/01/13,157790,1637572,10.4,10.45,10.35,10.4,0,82
106/01/16,313988,3240074,10.4,10.4,10.25,10.3,-0.1,118
106/01/16,313988,3240074,10.4,10.4,10.25,10.3,-0.1,118
106/01/17,175104,1802618,10.25,10.35,10.2,10.35,0.05,89
106/01/17,175104,1802618,10.25,10.35,10.2,10.35,0.05,89
106/01/18,294363,3035185,10.35,10.4,10.25,10.4,0.05,142
106/01/18,294363,3035185,10.35,10.4,10.25,10.4,0.05,142
106/01/19,197048,2026734,10.4,10.4,10.25,10.3,-0.1,102
106/01/19,197048,2026734,10.4,10.4,10.25,10.3,-0.1,102
106/01/20,194457,2003058,10.25,10.35,10.25,10.3,0,97
106/01/20,194457,2003058,10.25,10.35,10.25,10.3,0,97
106/01/23,729947,7546993,10.25,10.45,10.25,10.4,0.1,242
106/01/23,729947,7546993,10.25,10.45,10.25,10.4,0.1,242
106/01/24,388000,4026347,10.4,10.45,10.3,10.35,-0.05,121
106/01/24,388000,4026347,10.4,10.45,10.3,10.35,-0.05,121
106/02/02,1525265,16077752,10.55,10.75,10.35,10.7,0.35,459
106/02/03,2865811,31507590,10.85,11.25,10.8,10.9,0.2,762
106/02/06,851213,9229166,11,11,10.75,10.75,-0.15,271
106/02/07,442679,4781211,10.75,10.9,10.75,10.75,0,156
106/02/08,478692,5164421,10.75,10.9,10.7,10.7,-0.05,163
106/02/09,1382174,15130472,10.85,11.1,10.8,10.9,0.2,480
106/02/10,4363068,48249524,10.95,11.25,10.9,11,0.1,871
106/02/13,6956796,78829228,11.1,11.6,11.05,11.4,0.4,1612
106/02/14,10263892,123512136,11.6,12.45,11.6,12,0.6,2793
106/02/15,12882140,160791067,12.15,12.8,11.7,12.5,0.5,3418
106/02/16,5422197,66863394,12.6,12.6,12.15,12.35,-0.15,1570
106/02/17,2278754,27997787,12.45,12.45,12.15,12.25,-0.1,678
106/02/18,1501908,18548268,12.5,12.5,12.25,12.3,0.05,522
106/02/20,1824113,22268357,12.3,12.45,12.05,12.05,-0.25,583
106/02/21,2626608,32280436,12.1,12.45,12.1,12.3,0.25,882
106/02/22,3337920,41101674,12.5,12.55,12.1,12.15,-0.15,983
106/02/23,2084631,24773797,12.1,12.15,11.7,11.8,-0.35,772
106/02/24,1315114,15411165,11.8,11.8,11.6,11.7,-0.1,467
106/03/01,1413302,16783437,11.8,12,11.75,11.8,0.1,532
106/03/02,1237148,14635320,12,12.05,11.65,11.75,-0.05,426
106/03/03,1279866,14759500,11.85,11.85,11.45,11.45,-0.3,437
106/03/06,959045,11152610,11.65,11.75,11.5,11.7,0.25,406
106/03/07,2671393,32052066,11.85,12.1,11.85,12.1,0.4,787
106/03/08,1919229,23053848,12.05,12.15,11.8,12.1,0,513
106/03/09,2155059,26192808,12.3,12.3,12.05,12.1,0,613
106/03/10,1538033,18299339,12.05,12.05,11.65,11.9,-0.2,461
106/03/13,549484,6547636,12,12,11.85,11.9,0,292
106/03/14,2031293,23494498,11.9,11.95,11.45,11.6,-0.3,597
106/03/15,1568802,18537752,11.6,11.95,11.5,11.95,0.35,500
106/03/16,1157285,13867221,12.05,12.1,11.85,11.9,-0.05,481
106/03/17,3241903,39711616,12.2,12.4,12.1,12.15,0.25,1106
106/03/20,9769753,124119203,12.25,12.9,12.25,12.9,0.75,2523
106/03/21,5403747,68802609,13,13.1,12.45,12.5,-0.4,1655
106/03/22,2418599,29822554,12.4,12.5,12.05,12.45,-0.05,687
106/03/23,1909516,23978245,12.65,12.8,12.4,12.6,0.15,609
106/03/24,1657235,20563626,12.7,12.7,12.25,12.45,-0.15,494
106/03/27,1748682,21434136,12.5,12.5,12.1,12.1,-0.35,664
106/03/28,2591289,31534241,12.2,12.3,11.95,12.2,0.1,774
106/03/29,790924,9515567,12.1,12.2,11.95,11.95,-0.25,331
106/03/30,2118552,25961323,12,12.5,12,12.25,0.3,632
106/03/31,1432533,17594322,12.4,12.4,12.15,12.35,0.1,470
106/04/05,1857673,23012970,12.45,12.5,12.2,12.45,0.1,731
106/04/06,842157,10386499,12.25,12.45,12.25,12.25,-0.2,420
106/04/07,2173509,26311408,12.3,12.35,11.75,12.1,-0.15,709
106/04/10,2536219,31422655,12.3,12.5,12.25,12.4,0.3,828
106/04/11,1418075,17319550,12.45,12.45,12,12.1,-0.3,511
106/04/12,600695,7266640,12.1,12.2,12,12.1,0,288
106/04/13,1454694,17799208,12,12.4,12,12.3,0.2,552
106/04/14,1076097,12939891,12.25,12.25,11.9,11.95,-0.35,410
106/04/17,1265205,14745502,11.9,12,11.5,11.55,-0.4,418
106/04/18,977013,11461543,11.6,11.9,11.5,11.65,0.1,351
106/04/19,2868837,32036410,11.5,11.5,10.9,11.4,-0.25,882
106/04/20,920803,10370482,11.2,11.4,11.1,11.15,-0.25,403
106/04/21,695113,7852262,11.4,11.4,11.15,11.25,0.1,284
106/04/24,527581,5828891,11.25,11.25,10.9,11,-0.25,200
106/04/25,1003722,11163834,11,11.25,11,11.25,0.25,357
106/04/26,1090272,12343195,11.3,11.5,11.2,11.25,0,380
106/04/27,399844,4461159,11.25,11.25,11.1,11.15,-0.1,141
106/04/28,284817,3175817,11.15,11.25,11.1,11.15,0,125
106/05/02,816265,9025825,11.2,11.2,10.95,11.05,-0.1,236
106/05/03,303604,3344144,11,11.05,11,11,-0.05,115
106/05/04,342301,3811755,11.1,11.2,11.05,11.15,0.15,163
106/05/05,644059,7126843,11.15,11.2,10.95,10.95,-0.2,157
106/05/08,883240,9461068,11.2,11.2,10.5,10.55,-0.4,293
106/05/09,580751,6097769,10.55,10.65,10.35,10.55,0,186
106/05/10,4024297,44504742,10.45,11.35,10.45,11.15,0.6,1210
106/05/11,1878424,21270045,11.2,11.5,11.15,11.25,0.1,625
106/05/12,1241954,14205918,11.5,11.55,11.3,11.5,0.25,455
106/05/15,2243696,26587202,11.65,12,11.6,12,0.5,684
106/05/16,2524195,30519690,12.3,12.3,11.9,12.05,0.05,766
106/05/17,699703,8347896,12.1,12.15,11.85,11.85,-0.2,321
106/05/18,1069603,12656963,11.7,11.95,11.7,11.9,0.05,322
106/05/19,507444,6072237,12,12.15,11.85,11.9,0,207
106/05/22,610452,7307477,12,12,11.85,11.85,-0.05,201
106/05/23,505379,6029639,11.9,12,11.85,11.9,0.05,163
106/05/24,1797701,21720962,11.95,12.2,11.95,12,0.1,483
106/05/25,743749,8909460,12.1,12.1,11.9,12,0,253
106/05/26,670874,8029292,12.1,12.1,11.9,11.95,-0.05,194
106/05/31,374115,4432503,11.9,11.95,11.8,11.85,-0.1,142
106/06/01,471773,5530638,11.8,11.85,11.7,11.75,-0.1,173
106/06/02,585889,6902098,11.7,11.9,11.7,11.75,0,228
106/06/03,476653,5607853,11.9,11.9,11.7,11.8,0.05,106
106/06/05,425903,4996760,11.8,11.8,11.7,11.75,-0.05,165
106/06/06,507211,5909516,11.75,11.75,11.6,11.6,-0.15,187
106/06/07,326106,3799975,11.6,11.7,11.6,11.7,0.1,132
106/06/08,496772,5850226,11.75,11.85,11.7,11.75,0.05,163
106/06/09,409935,4838193,11.85,11.9,11.7,11.7,-0.05,151
106/06/12,501306,5947008,11.8,11.9,11.8,11.9,0.2,164
106/06/13,1033254,12329220,11.95,12,11.85,11.95,0.05,330
106/06/14,862202,10294731,12.1,12.1,11.8,11.8,-0.15,318
106/06/15,407049,4821123,11.8,11.9,11.8,11.9,0.1,118
106/06/16,410093,4848535,11.9,11.9,11.75,11.8,-0.1,125
106/06/19,302514,3575137,11.9,11.9,11.8,11.8,0,110
106/06/20,473597,5606532,11.9,11.9,11.75,11.75,-0.05,125
106/06/21,986430,11780828,11.8,12.1,11.8,12.05,0.3,295
106/06/22,313716,3759765,12.05,12.1,11.9,11.95,-0.1,117
106/06/23,690405,8200194,12,12,11.75,11.9,-0.05,171
106/06/26,825328,9849501,11.9,12,11.85,11.95,0.05,247
106/06/27,1026082,12198814,12,12.05,11.75,11.85,-0.1,254
106/06/28,3761538,45964068,11.85,12.5,11.8,12.45,0.6,1030
106/06/29,2289560,28520382,12.6,12.65,12.3,12.4,-0.05,762
106/06/30,5314364,67389391,12.5,12.85,12.35,12.75,0.35,1454
106/07/03,4534644,58548902,12.9,13.1,12.65,12.85,0.1,1258
106/07/04,2381644,30337144,12.8,12.9,12.65,12.65,-0.2,607
106/07/05,1747466,22061408,12.7,12.8,12.4,12.8,0.15,540
106/07/06,1401535,17569235,12.8,12.8,12.45,12.5,-0.3,353
106/07/07,826045,10278605,12.5,12.6,12.35,12.4,-0.1,321
106/07/10,945662,11817807,12.65,12.65,12.35,12.45,0.05,315
106/07/11,759508,9519547,12.6,12.6,12.5,12.55,0.1,291
106/07/12,9063860,114715703,12.65,13.15,12.6,12.9,0.35,1757
106/07/13,2398451,31180663,13.1,13.1,12.85,13.05,0.15,783
106/07/14,3998195,52754150,13.2,13.3,13.05,13.25,0.2,1085
106/07/17,5714069,77658529,13.5,13.75,13.4,13.75,0.5,1629
106/07/18,5960809,82290466,13.85,14.05,13.55,13.6,-0.15,1479
106/07/19,1964964,26860693,13.75,13.75,13.6,13.65,0.05,656
106/07/20,1402455,19232105,13.75,13.85,13.65,13.7,0.05,520
106/07/21,1815421,24623780,13.75,13.8,13.4,13.5,-0.2,668
106/07/24,1821766,24213981,13.5,13.5,13.2,13.3,-0.2,559
106/07/25,2258410,30482072,13.3,13.6,13.3,13.55,0.25,869
106/07/26,6733411,91647283,13.45,13.85,13.45,13.6,X0.00,1309
106/07/27,1633895,22249432,13.7,13.75,13.5,13.55,-0.05,466
106/07/28,4455695,60427478,13.65,13.7,13.5,13.55,0,384
106/07/31,6072891,85199852,13.75,14.25,13.7,14.2,0.65,1660
106/08/01,15519348,234576947,14.45,15.6,14.4,14.95,0.75,4910
106/08/02,4848328,72145793,14.95,15.1,14.7,14.85,-0.1,1621
106/08/03,7830316,120716726,14.95,15.8,14.95,15.6,0.75,2546
106/08/04,4951152,77819604,15.75,15.9,15.5,15.75,0.15,1650
106/08/07,6952640,110596182,16,16.3,15.5,16.25,0.5,2202
106/08/08,3931924,63794528,16.5,16.55,15.9,16.1,-0.15,1358
106/08/09,4082154,64021388,16,16,15.5,15.6,-0.5,1271
106/08/10,6651830,99662550,15.55,15.55,14.65,15.05,-0.55,1802
106/08/11,9536537,149644561,14.9,16.1,14.9,16,0.95,2689
106/08/14,6361168,101653200,16.3,16.35,15.5,15.65,-0.35,2043
106/08/15,4756809,73600783,15.75,15.8,15.15,15.5,-0.15,1611
106/08/16,2837572,44108528,15.5,15.8,15.35,15.4,-0.1,821
106/08/17,5671703,90988120,15.85,16.2,15.75,16,0.6,1748
106/08/18,2670405,42319630,15.75,16.1,15.45,15.95,-0.05,833
106/08/21,7661795,126836882,16.3,16.75,16.15,16.7,0.75,2524
106/08/22,10215888,177183446,17.6,17.95,16.95,17.05,0.35,3383
106/08/23,5609361,94024837,17.1,17.3,16.5,16.7,-0.35,1739
106/08/24,4510237,76897529,16.95,17.25,16.9,17.1,0.4,1493
106/08/25,2648715,44672528,17.2,17.25,16.75,16.75,-0.35,932
106/08/28,3126706,51239945,16.75,16.9,16.25,16.35,-0.4,1164
106/08/29,2520559,41547092,16.55,16.65,16.25,16.65,0.3,878
106/08/30,2521042,42449038,16.9,17.05,16.7,16.7,0.05,978
106/08/31,1938218,31984026,16.75,16.8,16.35,16.55,-0.15,856
106/09/01,1711373,28188877,16.5,16.65,16.3,16.3,-0.25,604
106/09/04,2071167,34306872,16.55,16.8,16.4,16.4,0.1,708
106/09/05,1092216,18055546,16.6,16.65,16.45,16.5,0.1,385
106/09/06,4671483,78643807,16.5,17.1,16.45,17,0.5,1493
106/09/07,2889543,49116891,17.1,17.25,16.75,16.75,-0.25,939
106/09/08,2102444,35740363,17,17.15,16.9,17,0.25,742
106/09/11,2927487,49476677,17.1,17.2,16.7,16.7,-0.3,1012
106/09/12,1692290,28645777,17,17.05,16.85,16.95,0.25,623
106/09/13,4327004,74787718,17.4,17.75,17,17.05,0.1,1324
106/09/14,2888005,48036077,16.65,16.85,16.4,16.65,-0.4,1069
106/09/15,2560282,42158841,16.75,16.8,16.25,16.3,-0.35,1029
106/09/18,3013747,48132972,16.3,16.3,15.85,15.9,-0.4,1088
106/09/19,3904851,61654612,15.85,16.1,15.7,15.7,-0.2,559
106/09/20,3603991,55881854,15.75,15.85,15.4,15.45,-0.25,604
106/09/21,1545355,24176202,15.5,15.8,15.45,15.65,0.2,380
106/09/22,2657368,40642621,15.6,15.6,15.15,15.15,-0.5,810
106/09/25,1830381,26919634,14.9,15.1,14.55,14.8,-0.35,702
106/09/26,1612982,24458475,14.9,15.5,14.8,15.15,0.35,697
106/09/27,882006,13444839,15.35,15.4,15.15,15.2,0.05,415
106/09/28,614839,9305802,15.3,15.3,15,15.1,-0.1,333
106/09/29,550542,8268591,15.15,15.2,14.9,15.15,0.05,237
106/09/30,348136,5270944,15.2,15.3,15.05,15.05,-0.1,138
106/10/02,627560,9462050,15.2,15.2,15,15.05,0,256
106/10/03,1242803,18366542,15.05,15.1,14.6,14.75,-0.3,567
106/10/05,4057545,61887181,14.75,15.4,14.75,15.25,0.5,893
106/10/06,772694,11669108,15.1,15.25,15,15.25,0,443
106/10/11,999553,15225249,15.25,15.3,15.1,15.2,-0.05,352
106/10/12,1298629,19621647,15.2,15.25,15.05,15.1,-0.1,179
106/10/13,1457779,22458479,15.2,15.6,15.2,15.55,0.45,581
106/10/16,6969595,113323562,15.75,16.7,15.75,16.7,1.15,2112
106/10/17,2589901,42199194,16.7,16.7,16.1,16.2,-0.5,943
106/10/18,1328251,21248373,16.3,16.3,15.85,15.9,-0.3,515
106/10/19,928758,14909889,16.05,16.2,15.9,16.2,0.3,319
106/10/20,1228046,19784144,16.2,16.3,15.85,16.25,0.05,433
106/10/23,2138324,34892046,16.25,16.5,16.15,16.25,0,781
106/10/24,715142,11629840,16.35,16.35,16.2,16.2,-0.05,286
106/10/25,1710169,27931926,16.3,16.5,16.15,16.2,0,671
106/10/26,3694689,60962222,16.4,16.6,16.3,16.55,0.35,1089
106/10/27,2944852,47947250,16.6,16.6,16.05,16.1,-0.45,818
106/10/30,746499,12036834,16.2,16.3,16.05,16.05,-0.05,268
106/10/31,411419,6646994,16.2,16.25,16.1,16.15,0.1,162
106/11/01,6920380,114988015,16.5,16.8,16.35,16.75,0.6,1672
106/11/02,39610976,713893409,17.5,18.4,17.35,17.5,0.75,8976
106/11/03,5554446,96750107,17.5,17.65,17.15,17.4,-0.1,2029
106/11/06,4402294,77794619,17.8,17.9,17.45,17.45,0.05,1525
106/11/07,2990043,52734636,17.55,17.75,17.5,17.65,0.2,1006
106/11/08,7148873,122416096,17.65,17.75,16.8,16.95,-0.7,2198
106/11/09,3543009,58995894,17,17.05,16.3,16.4,-0.55,1207
106/11/10,2018624,33204473,16.4,16.7,16.2,16.6,0.2,752
106/11/13,1654185,27088793,16.55,16.7,16.25,16.25,-0.35,621
106/11/14,1450032,23591867,16.4,16.5,16.1,16.2,-0.05,579
106/11/15,3414813,53517858,16,16,15.4,15.5,-0.7,1036
106/11/16,1103992,17221970,15.55,15.7,15.5,15.6,0.1,442
106/11/17,937501,14625788,15.6,15.75,15.55,15.7,0.1,358
106/11/20,793608,12336197,15.7,15.7,15.5,15.55,-0.15,295
106/11/21,900812,14226278,15.6,15.9,15.6,15.75,0.2,437
106/11/22,1146782,18070683,15.85,15.9,15.6,15.65,-0.1,391
106/11/23,633446,9951148,15.7,15.75,15.6,15.75,0.1,231
106/11/24,639022,9968740,15.6,15.7,15.5,15.65,-0.1,243
106/11/27,793859,12383447,15.6,15.65,15.55,15.6,-0.05,280
106/11/28,832475,12939562,15.6,15.65,15.5,15.5,-0.1,211
106/11/29,887342,13757713,15.6,15.6,15.45,15.45,-0.05,310
106/11/30,948954,14541894,15.15,15.45,15.15,15.3,-0.15,364
106/12/01,1557920,23526139,15.3,15.3,15,15.05,-0.25,575
106/12/04,791203,12003574,15.05,15.35,15.05,15.25,0.2,261
106/12/05,721358,10971991,15.2,15.35,15.05,15.2,-0.05,296
106/12/06,1090966,16380490,15.05,15.2,14.85,14.9,-0.3,430
106/12/07,467939,6969189,14.85,15,14.85,14.9,0,183
106/12/08,611167,9163835,14.85,15.15,14.85,14.9,0,224
106/12/11,495194,7474137,15.05,15.2,14.9,15.1,0.2,244
106/12/12,395854,6009036,15.2,15.25,15.1,15.15,0.05,218
106/12/13,229353,3472194,15.05,15.2,15.05,15.1,-0.05,140
106/12/14,541752,8228853,15.2,15.3,15.1,15.15,0.05,203
106/12/15,476348,7222535,15.25,15.25,15.1,15.1,-0.05,185
106/12/18,590132,9012711,15.2,15.3,15.2,15.3,0.2,188
106/12/19,250260,3847477,15.4,15.5,15.3,15.3,0,145
106/12/20,310863,4779809,15.3,15.45,15.3,15.3,0,188
106/12/21,775251,12006575,15.4,15.6,15.4,15.45,0.15,258
106/12/22,438301,6811076,15.55,15.6,15.45,15.55,0.1,168
106/12/25,2205958,34884182,15.65,16,15.6,15.85,0.3,577
106/12/26,1058850,16427103,15.9,15.9,15.35,15.35,-0.5,366
106/12/27,2975019,47203644,15.35,16,15.35,15.85,0.5,858
106/12/28,1300841,20633266,16.1,16.15,15.65,15.65,-0.2,540
106/12/29,676746,10681486,15.8,15.9,15.7,15.8,0.15,277
107/01/02,3627820,58965748,15.9,16.5,15.9,16.2,0.4,1122
107/01/03,1354892,21872715,16.3,16.35,16.05,16.1,-0.1,475
107/01/04,1082811,17327983,16.2,16.2,15.9,15.95,-0.15,305
107/01/05,4651010,76180658,16.1,16.6,16.1,16.3,0.35,1446
107/01/08,3615935,59830131,16.35,16.75,16.35,16.45,0.15,1137
107/01/09,1846497,30308298,16.55,16.7,16.2,16.3,-0.15,591
107/01/10,2585888,42774164,16.4,16.65,16.35,16.4,0.1,800
107/01/11,10199542,173876820,16.6,17.7,16.5,16.85,0.45,3023
107/01/12,1984408,33105844,16.85,16.95,16.55,16.6,-0.25,766
107/01/15,3237889,52302456,16.65,16.65,15.9,16.15,-0.45,982
107/01/16,737406,11951972,16.15,16.3,16,16.3,0.15,289
107/01/17,850975,13740988,16.2,16.25,16.05,16.25,-0.05,423
107/01/18,1127713,18198625,16.3,16.35,16,16.1,-0.15,348
107/01/19,663993,10685038,16.1,16.25,16,16.05,-0.05,227
107/01/22,1780016,28119396,16.05,16.05,15.65,15.75,-0.3,573
107/01/23,636329,10041094,15.75,15.9,15.65,15.7,-0.05,228
107/01/24,1006493,16133283,15.7,16.15,15.7,16.15,0.45,524
107/01/25,5123054,85698934,16.6,16.95,16.55,16.65,0.5,1524
107/01/26,1604301,26512032,16.7,16.75,16.4,16.45,-0.2,552
107/01/29,4658430,78470817,16.5,17.1,16.35,16.9,0.45,1267
107/01/30,2988627,50263072,16.75,17.05,16.55,16.55,-0.35,808
107/01/31,2481256,40964182,16.3,16.95,16,16.85,0.3,721
107/02/01,1173500,19562294,16.8,16.8,16.55,16.7,-0.15,462
107/02/02,2419759,40902807,16.8,17.1,16.75,16.8,0.1,824
107/02/05,1430551,23283869,15.95,16.85,15.6,16.65,-0.15,588
107/02/06,3831504,60230253,15.85,16.3,15.15,15.35,-1.3,1452
107/02/07,2692922,43023723,15.85,16.3,15.75,15.75,0.4,743
107/02/08,824451,13175281,15.75,16.15,15.7,16.15,0.4,371
107/02/09,1323637,20658536,15.3,16,15.3,16,-0.15,382
107/02/12,1042053,16436773,16,16.15,15.7,15.7,-0.3,421
107/02/21,1463145,23642244,16.05,16.25,15.9,16.25,0.55,524
107/02/22,1223403,20070683,16.2,16.55,16.2,16.35,0.1,425
107/02/23,2754503,46123493,16.4,16.9,16.4,16.45,0.1,939
107/02/26,1203369,20031861,16.8,16.8,16.5,16.75,0.3,507
107/02/27,4168384,70692434,16.8,17.2,16.75,16.75,0,1521
107/03/01,8972249,155784299,16.9,17.65,16.7,17.6,0.85,3049
107/03/02,2841169,48888233,17.25,17.55,17.05,17.1,-0.5,1237
107/03/05,3903259,65215199,17.15,17.2,16.3,16.3,-0.8,1453
107/03/06,871532,14352074,16.6,16.7,16.35,16.35,0.05,310
107/03/07,680580,11111542,16.4,16.45,16.25,16.25,-0.1,321
107/03/08,794406,12993673,16.5,16.5,16.25,16.3,0.05,331
107/03/09,874572,14272651,16.45,16.5,16.25,16.25,-0.05,410
107/03/12,1777110,28705066,16.35,16.4,16,16.2,-0.05,656
107/03/13,524085,8508528,16.2,16.35,16.1,16.35,0.15,251
107/03/14,457724,7493196,16.4,16.45,16.3,16.35,0,212
107/03/15,554283,8999729,16.3,16.3,16.15,16.25,-0.1,181
107/03/16,961645,15559841,16.25,16.35,16.1,16.35,0.1,399
107/03/19,665201,10701716,16.35,16.35,16.05,16.05,-0.3,308
107/03/20,477453,7661815,16,16.15,16,16.05,0,237
107/03/21,894704,14324964,16.05,16.1,15.95,15.95,-0.1,360
107/03/22,615899,9819182,16,16.1,15.85,15.85,-0.1,322
107/03/23,1656637,25497431,15.5,15.55,15.25,15.35,-0.5,584
107/03/26,1698693,25781775,15.2,15.45,14.95,15.35,0,666
107/03/27,2040797,32225010,15.6,16,15.5,15.95,0.6,617
107/03/28,423530,6707404,15.85,15.9,15.8,15.85,-0.1,207
107/03/29,755972,11959999,15.9,15.95,15.7,15.75,-0.1,284
107/03/30,987009,15722882,15.75,16.1,15.75,15.85,0.1,331
107/03/31,672007,10778409,16.05,16.15,15.9,16.15,0.3,271
107/04/02,4522199,73893837,16.15,16.55,16,16.1,-0.05,1267
107/04/02,4522199,73893837,16.15,16.55,16,16.1,-0.05,1267
107/04/03,1013275,16140834,16.05,16.1,15.85,15.85,-0.25,413
107/04/03,1013275,16140834,16.05,16.1,15.85,15.85,-0.25,413
107/04/09,969911,15390453,15.85,16,15.75,15.85,0,441
107/04/09,969911,15390453,15.85,16,15.75,15.85,0,441
107/04/10,1899612,30461374,15.9,16.35,15.8,15.85,0,804
107/04/10,1899612,30461374,15.9,16.35,15.8,15.85,0,804
107/04/11,859364,13828424,16,16.2,16,16.1,0.25,265
107/04/11,859364,13828424,16,16.2,16,16.1,0.25,265
107/04/12,693979,11125806,16.15,16.15,15.95,16,-0.1,379
107/04/12,693979,11125806,16.15,16.15,15.95,16,-0.1,379
107/04/13,710369,11317564,16.05,16.1,15.85,15.85,-0.15,201
107/04/13,710369,11317564,16.05,16.1,15.85,15.85,-0.15,201
107/04/16,398854,6308953,15.95,15.95,15.7,15.75,-0.1,173
107/04/16,398854,6308953,15.95,15.95,15.7,15.75,-0.1,173
107/04/17,660374,10405191,15.9,15.95,15.6,15.6,-0.15,313
107/04/17,660374,10405191,15.9,15.95,15.6,15.6,-0.15,313
107/04/18,605024,9445821,15.8,15.85,15.45,15.6,0,286
107/04/18,605024,9445821,15.8,15.85,15.45,15.6,0,286
107/04/19,6300430,103878706,16.2,16.8,16.2,16.35,0.75,1775
107/04/19,6300430,103878706,16.2,16.8,16.2,16.35,0.75,1775
107/04/20,3402086,56399511,16.45,16.8,16.3,16.55,0.2,1094
107/04/20,3402086,56399511,16.45,16.8,16.3,16.55,0.2,1094
107/04/23,7140024,121692450,16.8,17.25,16.75,17.1,0.55,2245
107/04/23,7140024,121692450,16.8,17.25,16.75,17.1,0.55,2245
107/04/24,3583950,59469381,16.9,17,16.3,16.35,-0.75,1255
107/04/24,3583950,59469381,16.9,17,16.3,16.35,-0.75,1255
107/04/25,1497702,24460890,16.25,16.6,16.05,16.35,0,635
107/04/25,1497702,24460890,16.25,16.6,16.05,16.35,0,635
107/04/26,1477714,23950294,16.45,16.65,16,16,-0.35,539
107/04/26,1477714,23950294,16.45,16.65,16,16,-0.35,539
107/04/27,1410712,22458017,16.2,16.25,15.75,15.95,-0.05,625
107/04/27,1410712,22458017,16.2,16.25,15.75,15.95,-0.05,625
107/04/30,797005,12922680,16.05,16.35,16.05,16.2,0.25,334
107/04/30,797005,12922680,16.05,16.35,16.05,16.2,0.25,334
107/05/02,839738,13641028,16.25,16.3,16.15,16.15,-0.05,348
107/05/02,839738,13641028,16.25,16.3,16.15,16.15,-0.05,348
107/05/03,466500,7500573,16.15,16.3,16,16.05,-0.1,223
107/05/03,466500,7500573,16.15,16.3,16,16.05,-0.1,223
107/05/04,633801,10105421,16,16.05,15.85,15.9,-0.15,231
107/05/04,633801,10105421,16,16.05,15.85,15.9,-0.15,231
107/05/07,413931,6611997,16,16,15.9,16,0.1,159
107/05/07,413931,6611997,16,16,15.9,16,0.1,159
107/05/08,583300,9280365,16,16,15.85,15.9,-0.1,225
107/05/08,583300,9280365,16,16,15.85,15.9,-0.1,225
107/05/09,951800,15149619,16.15,16.15,15.75,15.95,0.05,359
107/05/09,951800,15149619,16.15,16.15,15.75,15.95,0.05,359
107/05/10,1013900,16118443,16,16,15.8,15.9,-0.05,416
107/05/10,1013900,16118443,16,16,15.8,15.9,-0.05,416
107/05/11,794802,12628846,15.9,16,15.8,15.85,-0.05,250
107/05/11,794802,12628846,15.9,16,15.8,15.85,-0.05,250
107/05/14,838200,13290729,15.85,16,15.8,15.8,-0.05,347
107/05/14,838200,13290729,15.85,16,15.8,15.8,-0.05,347
107/05/15,1304679,20703644,16,16,15.75,15.75,-0.05,563
107/05/15,1304679,20703644,16,16,15.75,15.75,-0.05,563
107/05/16,642460,10152971,15.8,15.85,15.75,15.75,0,287
107/05/16,642460,10152971,15.8,15.85,15.75,15.75,0,287
107/05/17,866093,13865388,15.9,16.1,15.8,16.05,0.3,406
107/05/17,866093,13865388,15.9,16.1,15.8,16.05,0.3,406
107/05/18,1552626,25124676,16.2,16.3,16.1,16.15,0.1,481
107/05/18,1552626,25124676,16.2,16.3,16.1,16.15,0.1,481
107/05/21,1826902,30023321,16.35,16.6,16.2,16.45,0.3,620
107/05/21,1826902,30023321,16.35,16.6,16.2,16.45,0.3,620
107/05/22,984858,16127491,16.4,16.5,16.3,16.3,-0.15,328
107/05/22,984858,16127491,16.4,16.5,16.3,16.3,-0.15,328
107/05/23,506695,8222509,16.35,16.35,16.15,16.15,-0.15,178
107/05/23,506695,8222509,16.35,16.35,16.15,16.15,-0.15,178
107/05/24,426152,6865296,16.15,16.2,16.05,16.1,-0.05,228
107/05/24,426152,6865296,16.15,16.2,16.05,16.1,-0.05,228
107/05/25,614850,9898750,16.3,16.3,16,16,-0.1,261
107/05/25,614850,9898750,16.3,16.3,16,16,-0.1,261
107/05/28,829174,13189222,16.05,16.1,15.8,15.9,-0.1,307
107/05/28,829174,13189222,16.05,16.1,15.8,15.9,-0.1,307
107/05/29,1494928,23478360,15.8,15.8,15.65,15.75,-0.15,588
107/05/29,1494928,23478360,15.8,15.8,15.65,15.75,-0.15,588
107/05/30,789020,12319560,15.65,15.7,15.55,15.7,-0.05,293
107/05/30,789020,12319560,15.65,15.7,15.55,15.7,-0.05,293
107/05/31,970634,15311380,15.8,15.85,15.7,15.75,0.05,294
107/05/31,970634,15311380,15.8,15.85,15.7,15.75,0.05,294
107/06/01,1278924,20481684,15.75,16.15,15.75,16.05,0.3,650
107/06/01,1278924,20481684,15.75,16.15,15.75,16.05,0.3,650
107/06/04,2458720,40183618,16.3,16.45,16.2,16.35,0.3,817
107/06/04,2458720,40183618,16.3,16.45,16.2,16.35,0.3,817
107/06/05,1375452,22525318,16.3,16.55,16.2,16.3,-0.05,550
107/06/05,1375452,22525318,16.3,16.55,16.2,16.3,-0.05,550
107/06/06,1186426,19563989,16.55,16.6,16.4,16.4,0.1,397
107/06/06,1186426,19563989,16.55,16.6,16.4,16.4,0.1,397
107/06/07,851218,13890780,16.5,16.5,16.2,16.25,-0.15,354
107/06/07,851218,13890780,16.5,16.5,16.2,16.25,-0.15,354
107/06/08,699575,11315807,16.25,16.3,16.1,16.15,-0.1,280
107/06/08,699575,11315807,16.25,16.3,16.1,16.15,-0.1,280
107/06/11,982650,15891911,16.25,16.25,16.1,16.1,-0.05,373
107/06/11,982650,15891911,16.25,16.25,16.1,16.1,-0.05,373
107/06/12,723636,11678887,16.15,16.25,16.05,16.15,0.05,297
107/06/12,723636,11678887,16.15,16.25,16.05,16.15,0.05,297
107/06/13,1491027,24346283,16.2,16.45,16.15,16.25,0.1,455
107/06/13,1491027,24346283,16.2,16.45,16.15,16.25,0.1,455
107/06/14,880179,14282729,16.3,16.4,16.15,16.15,-0.1,418
107/06/14,880179,14282729,16.3,16.4,16.15,16.15,-0.1,418
107/06/15,302691,4880488,16.3,16.3,16.05,16.15,0,122
107/06/15,302691,4880488,16.3,16.3,16.05,16.15,0,122
107/06/19,643020,10381070,16.15,16.25,16.05,16.05,-0.1,205
107/06/19,643020,10381070,16.15,16.25,16.05,16.05,-0.1,205
107/06/20,1093304,17285695,16.05,16.1,15.7,15.85,-0.2,439
107/06/20,1093304,17285695,16.05,16.1,15.7,15.85,-0.2,439
107/06/21,308061,4917069,15.95,16.05,15.9,15.95,0.1,77
107/06/21,308061,4917069,15.95,16.05,15.9,15.95,0.1,77
107/06/22,260530,4143349,15.95,15.95,15.8,15.95,0,129
107/06/22,260530,4143349,15.95,15.95,15.8,15.95,0,129
107/06/25,342062,5436778,16.05,16.05,15.85,15.85,-0.1,125
107/06/25,342062,5436778,16.05,16.05,15.85,15.85,-0.1,125
107/06/26,1301551,20280549,15.8,15.8,15.45,15.6,-0.25,471
107/06/26,1301551,20280549,15.8,15.8,15.45,15.6,-0.25,471
107/06/27,832100,12950150,15.65,15.75,15.45,15.45,-0.15,248
107/06/27,832100,12950150,15.65,15.75,15.45,15.45,-0.15,248
107/06/28,660218,10300478,15.45,15.7,15.4,15.6,0.15,250
107/06/28,660218,10300478,15.45,15.7,15.4,15.6,0.15,250
107/06/29,350420,5496320,15.75,15.75,15.6,15.75,0.15,147
107/06/29,350420,5496320,15.75,15.75,15.6,15.75,0.15,147
107/07/02,668604,10489171,15.85,15.85,15.6,15.65,-0.1,308
107/07/02,668604,10489171,15.85,15.85,15.6,15.65,-0.1,308
107/07/03,539905,8362695,15.75,15.75,15.3,15.4,-0.25,261
107/07/03,539905,8362695,15.75,15.75,15.3,15.4,-0.25,261
107/07/04,273002,4214180,15.4,15.5,15.4,15.45,0.05,97
107/07/04,273002,4214180,15.4,15.5,15.4,15.45,0.05,97
107/07/05,336050,5162664,15.55,15.55,15.3,15.3,-0.15,158
107/07/05,336050,5162664,15.55,15.55,15.3,15.3,-0.15,158
107/07/06,487645,7414551,15.35,15.35,15.15,15.2,-0.1,207
107/07/06,487645,7414551,15.35,15.35,15.15,15.2,-0.1,207
107/07/09,444167,6727296,15.25,15.3,15,15.3,0.1,165
107/07/09,444167,6727296,15.25,15.3,15,15.3,0.1,165
107/07/10,411888,6263240,15.3,15.3,15.15,15.2,-0.1,202
107/07/10,411888,6263240,15.3,15.3,15.15,15.2,-0.1,202
107/07/11,401501,6103138,15.2,15.25,15.15,15.2,0,142
107/07/11,401501,6103138,15.2,15.25,15.15,15.2,0,142
107/07/12,533618,8098493,15.2,15.25,15.1,15.2,0,251
107/07/12,533618,8098493,15.2,15.25,15.1,15.2,0,251
107/07/13,535254,8160172,15.25,15.3,15.2,15.25,0.05,166
107/07/13,535254,8160172,15.25,15.3,15.2,15.25,0.05,166
107/07/16,469683,7185579,15.3,15.4,15.25,15.4,0.15,174
107/07/16,469683,7185579,15.3,15.4,15.25,15.4,0.15,174
107/07/17,863721,13391774,15.45,15.6,15.4,15.55,0.15,235
107/07/17,863721,13391774,15.45,15.6,15.4,15.55,0.15,235
107/07/18,817509,12732015,15.6,15.65,15.5,15.55,0,230
107/07/18,817509,12732015,15.6,15.65,15.5,15.55,0,230
107/07/19,1705591,26626164,15.6,15.75,15.5,15.6,0.05,547
107/07/19,1705591,26626164,15.6,15.75,15.5,15.6,0.05,547
107/07/20,2065008,29908414,14.6,14.65,14.3,14.3,X0.00,560
107/07/20,2065008,29908414,14.6,14.65,14.3,14.3,X0.00,560
107/07/23,388099,5523155,14.2,14.35,14.2,14.2,-0.1,141
107/07/23,388099,5523155,14.2,14.35,14.2,14.2,-0.1,141
107/07/24,349031,4960889,14.2,14.3,14.15,14.2,0,168
107/07/24,349031,4960889,14.2,14.3,14.15,14.2,0,168
107/07/25,524721,7491637,14.25,14.4,14.2,14.25,0.05,176
107/07/25,524721,7491637,14.25,14.4,14.2,14.25,0.05,176
107/07/26,406568,5807970,14.35,14.4,14.2,14.35,0.1,175
107/07/26,406568,5807970,14.35,14.4,14.2,14.35,0.1,175
107/07/27,396617,5655172,14.35,14.35,14.2,14.2,-0.15,219
107/07/27,396617,5655172,14.35,14.35,14.2,14.2,-0.15,219
107/07/30,710217,10041888,14.3,14.35,14.05,14.05,-0.15,265
107/07/30,710217,10041888,14.3,14.35,14.05,14.05,-0.15,265
107/07/31,461070,6515134,14.05,14.2,14,14.15,0.1,141
107/07/31,461070,6515134,14.05,14.2,14,14.15,0.1,141
107/08/01,658278,9386723,14.2,14.4,14.1,14.4,0.25,285
107/08/01,658278,9386723,14.2,14.4,14.1,14.4,0.25,285
107/08/02,448465,6405075,14.4,14.4,14.1,14.15,-0.25,203
107/08/02,448465,6405075,14.4,14.4,14.1,14.15,-0.25,203
107/08/03,377805,5353789,14.2,14.25,14.1,14.15,0,181
107/08/03,377805,5353789,14.2,14.25,14.1,14.15,0,181
107/08/06,366391,5242048,14.3,14.4,14.2,14.3,0.15,148
107/08/06,366391,5242048,14.3,14.4,14.2,14.3,0.15,148
107/08/07,445457,6391428,14.35,14.45,14.25,14.45,0.15,283
107/08/07,445457,6391428,14.35,14.45,14.25,14.45,0.15,283
107/08/08,401189,5800899,14.45,14.55,14.4,14.4,-0.05,184
107/08/08,401189,5800899,14.45,14.55,14.4,14.4,-0.05,184
107/08/09,297333,4308344,14.4,14.55,14.4,14.55,0.15,135
107/08/09,297333,4308344,14.4,14.55,14.4,14.55,0.15,135
107/08/10,2229251,33088339,14.8,14.95,14.75,14.75,0.2,734
107/08/10,2229251,33088339,14.8,14.95,14.75,14.75,0.2,734
107/08/13,1062608,15551904,14.8,14.9,14.45,14.45,-0.3,408
107/08/13,1062608,15551904,14.8,14.9,14.45,14.45,-0.3,408
107/08/14,1355156,19998138,14.6,14.85,14.55,14.8,0.35,479
107/08/14,1355156,19998138,14.6,14.85,14.55,14.8,0.35,479
107/08/15,2407001,35734565,15,15,14.6,15,0.2,934
107/08/15,2407001,35734565,15,15,14.6,15,0.2,934
107/08/16,1187351,17620227,14.9,14.95,14.75,14.8,-0.2,355
107/08/16,1187351,17620227,14.9,14.95,14.75,14.8,-0.2,355
107/08/17,496000,7339050,14.85,14.95,14.7,14.7,-0.1,251
107/08/17,496000,7339050,14.85,14.95,14.7,14.7,-0.1,251
107/08/20,414945,6142389,14.75,14.9,14.75,14.75,0.05,202
107/08/20,414945,6142389,14.75,14.9,14.75,14.75,0.05,202
107/08/21,322753,4793444,14.8,14.95,14.75,14.85,0.1,185
107/08/21,322753,4793444,14.8,14.95,14.75,14.85,0.1,185
107/08/22,562459,8363411,14.8,14.95,14.8,14.85,0,227
107/08/22,562459,8363411,14.8,14.95,14.8,14.85,0,227
107/08/23,1159563,17425545,14.9,15.1,14.9,15.1,0.25,337
107/08/23,1159563,17425545,14.9,15.1,14.9,15.1,0.25,337
107/08/24,579804,8695577,15.1,15.1,14.9,15,-0.1,174
107/08/24,579804,8695577,15.1,15.1,14.9,15,-0.1,174
107/08/27,337080,5058387,15.1,15.1,14.95,14.95,-0.05,141
107/08/27,337080,5058387,15.1,15.1,14.95,14.95,-0.05,141
107/08/28,493999,7350335,15.05,15.05,14.8,14.8,-0.15,228
107/08/28,493999,7350335,15.05,15.05,14.8,14.8,-0.15,228
107/08/29,209582,3121362,14.85,14.95,14.85,14.85,0.05,89
107/08/29,209582,3121362,14.85,14.95,14.85,14.85,0.05,89
107/08/30,398841,5913436,14.9,14.95,14.75,14.75,-0.1,248
107/08/30,398841,5913436,14.9,14.95,14.75,14.75,-0.1,248
107/08/31,211175,3111430,14.75,14.8,14.65,14.8,0.05,88
107/08/31,211175,3111430,14.75,14.8,14.65,14.8,0.05,88
107/09/03,983509,14339430,14.8,14.8,14.45,14.5,-0.3,311
107/09/03,983509,14339430,14.8,14.8,14.45,14.5,-0.3,311
107/09/04,139938,2039247,14.5,14.65,14.5,14.6,0.1,87
107/09/04,139938,2039247,14.5,14.65,14.5,14.6,0.1,87
107/09/05,158117,2298345,14.55,14.6,14.5,14.5,-0.1,77
107/09/05,158117,2298345,14.55,14.6,14.5,14.5,-0.1,77
107/09/06,362413,5221238,14.5,14.5,14.35,14.35,-0.15,204
107/09/06,362413,5221238,14.5,14.5,14.35,14.35,-0.15,204
107/09/07,512000,7334450,14.35,14.45,14.25,14.3,-0.05,236
107/09/07,512000,7334450,14.35,14.45,14.25,14.3,-0.05,236
107/09/10,569457,8110713,14.45,14.45,14.15,14.2,-0.1,267
107/09/10,569457,8110713,14.45,14.45,14.15,14.2,-0.1,267
107/09/11,402292,5740695,14.2,14.4,14.15,14.25,0.05,139
107/09/11,402292,5740695,14.2,14.4,14.15,14.25,0.05,139
107/09/12,264420,3749919,14.2,14.3,14.15,14.2,-0.05,171
107/09/12,264420,3749919,14.2,14.3,14.15,14.2,-0.05,171
107/09/13,504313,7296355,14.2,14.65,14.15,14.45,0.25,279
107/09/13,504313,7296355,14.2,14.65,14.15,14.45,0.25,279
107/09/14,196378,2855068,14.65,14.65,14.5,14.55,0.1,69
107/09/14,196378,2855068,14.65,14.65,14.5,14.55,0.1,69
107/09/17,89459,1299699,14.6,14.6,14.45,14.55,0,37
107/09/17,89459,1299699,14.6,14.6,14.45,14.55,0,37
107/09/18,88788,1288782,14.6,14.6,14.45,14.45,-0.1,66
107/09/18,88788,1288782,14.6,14.6,14.45,14.45,-0.1,66
107/09/19,904425,13348729,14.35,14.95,14.35,14.95,0.5,322
107/09/19,904425,13348729,14.35,14.95,14.35,14.95,0.5,322
107/09/20,2582751,38664899,15,15.15,14.65,14.65,-0.3,857
107/09/20,2582751,38664899,15,15.15,14.65,14.65,-0.3,857
107/09/21,399748,5921142,14.7,14.9,14.7,14.8,0.15,191
107/09/21,399748,5921142,14.7,14.9,14.7,14.8,0.15,191
107/09/25,1028228,15398070,14.8,15.1,14.8,15.05,0.25,319
107/09/25,1028228,15398070,14.8,15.1,14.8,15.05,0.25,319
107/09/26,794339,11904048,15.05,15.15,14.9,14.9,-0.15,244
107/09/26,794339,11904048,15.05,15.15,14.9,14.9,-0.15,244
107/09/27,360484,5357209,14.95,14.95,14.8,14.95,0.05,137
107/09/27,360484,5357209,14.95,14.95,14.8,14.95,0.05,137
107/09/28,620255,9171935,14.95,14.95,14.7,14.75,-0.2,307
107/09/28,620255,9171935,14.95,14.95,14.7,14.75,-0.2,307
107/10/01,236650,3484135,14.75,14.8,14.65,14.65,-0.1,117
107/10/01,236650,3484135,14.75,14.8,14.65,14.65,-0.1,117
107/10/01,236650,3484135,14.75,14.8,14.65,14.65,-0.1,117
107/10/02,337017,4947099,14.75,14.8,14.6,14.7,0.05,111
107/10/02,337017,4947099,14.75,14.8,14.6,14.7,0.05,111
107/10/02,337017,4947099,14.75,14.8,14.6,14.7,0.05,111
107/10/03,256234,3745864,14.7,14.7,14.55,14.55,-0.15,92
107/10/03,256234,3745864,14.7,14.7,14.55,14.55,-0.15,92
107/10/03,256234,3745864,14.7,14.7,14.55,14.55,-0.15,92
107/10/04,231950,3367776,14.6,14.75,14.45,14.55,0,123
107/10/04,231950,3367776,14.6,14.75,14.45,14.55,0,123
107/10/04,231950,3367776,14.6,14.75,14.45,14.55,0,123
107/10/05,567650,8090243,14.5,14.5,14.05,14.2,-0.35,242
107/10/05,567650,8090243,14.5,14.5,14.05,14.2,-0.35,242
107/10/05,567650,8090243,14.5,14.5,14.05,14.2,-0.35,242
107/10/08,403131,5697038,14.2,14.25,14.05,14.1,-0.1,167
107/10/08,403131,5697038,14.2,14.25,14.05,14.1,-0.1,167
107/10/08,403131,5697038,14.2,14.25,14.05,14.1,-0.1,167
107/10/09,285487,4033115,14.15,14.35,14.05,14.15,0.05,135
107/10/09,285487,4033115,14.15,14.35,14.05,14.15,0.05,135
107/10/09,285487,4033115,14.15,14.35,14.05,14.15,0.05,135
107/10/11,1851316,23820271,13.4,13.4,12.75,12.8,-1.35,603
107/10/11,1851316,23820271,13.4,13.4,12.75,12.8,-1.35,603
107/10/11,1851316,23820271,13.4,13.4,12.75,12.8,-1.35,603
107/10/12,1218252,15411574,12.6,13,12.35,12.9,0.1,463
107/10/12,1218252,15411574,12.6,13,12.35,12.9,0.1,463
107/10/12,1218252,15411574,12.6,13,12.35,12.9,0.1,463
107/10/15,482444,6135157,12.8,12.85,12.65,12.75,-0.15,184
107/10/15,482444,6135157,12.8,12.85,12.65,12.75,-0.15,184
107/10/15,482444,6135157,12.8,12.85,12.65,12.75,-0.15,184
107/10/16,252469,3250797,12.75,13,12.75,12.8,0.05,119
107/10/16,252469,3250797,12.75,13,12.75,12.8,0.05,119
107/10/16,252469,3250797,12.75,13,12.75,12.8,0.05,119
107/10/17,477580,6092390,12.95,13.05,12.55,12.55,-0.25,202
107/10/17,477580,6092390,12.95,13.05,12.55,12.55,-0.25,202
107/10/17,477580,6092390,12.95,13.05,12.55,12.55,-0.25,202
107/10/18,385332,4835862,12.5,12.8,12.45,12.65,0.1,185
107/10/18,385332,4835862,12.5,12.8,12.45,12.65,0.1,185
107/10/18,385332,4835862,12.5,12.8,12.45,12.65,0.1,185
107/10/19,1486062,18748232,12.45,12.75,12.3,12.6,-0.05,561
107/10/19,1486062,18748232,12.45,12.75,12.3,12.6,-0.05,561
107/10/19,1486062,18748232,12.45,12.75,12.3,12.6,-0.05,561
107/10/22,544620,6949047,12.6,12.9,12.55,12.8,0.2,210
107/10/22,544620,6949047,12.6,12.9,12.55,12.8,0.2,210
107/10/22,544620,6949047,12.6,12.9,12.55,12.8,0.2,210
107/10/23,403005,5075162,12.7,12.8,12.4,12.45,-0.35,201
107/10/23,403005,5075162,12.7,12.8,12.4,12.45,-0.35,201
107/10/23,403005,5075162,12.7,12.8,12.4,12.45,-0.35,201
107/10/24,1496100,18143829,12.65,12.65,12.05,12.1,-0.35,696
107/10/24,1496100,18143829,12.65,12.65,12.05,12.1,-0.35,696
107/10/24,1496100,18143829,12.65,12.65,12.05,12.1,-0.35,696
107/10/25,1545999,17814036,11.9,11.9,11.35,11.55,-0.55,684
107/10/25,1545999,17814036,11.9,11.9,11.35,11.55,-0.55,684
107/10/25,1545999,17814036,11.9,11.9,11.35,11.55,-0.55,684
107/10/26,818907,9542501,11.95,11.95,11.35,11.65,0.1,384
107/10/26,818907,9542501,11.95,11.95,11.35,11.65,0.1,384
107/10/26,818907,9542501,11.95,11.95,11.35,11.65,0.1,384
107/10/29,810240,9373918,11.8,11.8,11.4,11.6,-0.05,308
107/10/29,810240,9373918,11.8,11.8,11.4,11.6,-0.05,308
107/10/29,810240,9373918,11.8,11.8,11.4,11.6,-0.05,308
107/10/30,570452,6692263,11.45,11.85,11.45,11.65,0.05,258
107/10/30,570452,6692263,11.45,11.85,11.45,11.65,0.05,258
107/10/30,570452,6692263,11.45,11.85,11.45,11.65,0.05,258
107/10/31,456795,5434919,11.85,12,11.8,11.85,0.2,187
107/10/31,456795,5434919,11.85,12,11.8,11.85,0.2,187
107/10/31,456795,5434919,11.85,12,11.8,11.85,0.2,187
107/11/01,613100,7354445,11.95,12.15,11.9,11.95,0.1,267
107/11/01,613100,7354445,11.95,12.15,11.9,11.95,0.1,267
107/11/01,613100,7354445,11.95,12.15,11.9,11.95,0.1,267
107/11/02,287284,3464886,12,12.2,11.95,12.05,0.1,124
107/11/02,287284,3464886,12,12.2,11.95,12.05,0.1,124
107/11/02,287284,3464886,12,12.2,11.95,12.05,0.1,124
107/11/05,328150,3952414,12.05,12.2,11.95,12,-0.05,127
107/11/05,328150,3952414,12.05,12.2,11.95,12,-0.05,127
107/11/05,328150,3952414,12.05,12.2,11.95,12,-0.05,127
107/11/06,260001,3131062,12.1,12.15,11.95,12,0,103
107/11/06,260001,3131062,12.1,12.15,11.95,12,0,103
107/11/06,260001,3131062,12.1,12.15,11.95,12,0,103
107/11/07,275646,3352814,12.1,12.2,12.1,12.2,0.2,136
107/11/07,275646,3352814,12.1,12.2,12.1,12.2,0.2,136
107/11/07,275646,3352814,12.1,12.2,12.1,12.2,0.2,136
107/11/08,330216,4026965,12.3,12.3,12.1,12.15,-0.05,128
107/11/08,330216,4026965,12.3,12.3,12.1,12.15,-0.05,128
107/11/08,330216,4026965,12.3,12.3,12.1,12.15,-0.05,128
107/11/09,1891205,23844829,12.45,12.8,12.45,12.7,0.55,666
107/11/09,1891205,23844829,12.45,12.8,12.45,12.7,0.55,666
107/11/09,1891205,23844829,12.45,12.8,12.45,12.7,0.55,666
107/11/12,2593998,33868971,12.7,13.3,12.65,13.05,0.35,816
107/11/12,2593998,33868971,12.7,13.3,12.65,13.05,0.35,816
107/11/12,2593998,33868971,12.7,13.3,12.65,13.05,0.35,816
107/11/13,760351,9852525,12.8,13.1,12.6,13,-0.05,360
107/11/13,760351,9852525,12.8,13.1,12.6,13,-0.05,360
107/11/13,760351,9852525,12.8,13.1,12.6,13,-0.05,360
107/11/14,848503,11194088,13.05,13.3,13.05,13.15,0.15,340
107/11/14,848503,11194088,13.05,13.3,13.05,13.15,0.15,340
107/11/14,848503,11194088,13.05,13.3,13.05,13.15,0.15,340
107/11/15,911330,11948805,13.2,13.3,13,13.2,0.05,538
107/11/15,911330,11948805,13.2,13.3,13,13.2,0.05,538
107/11/15,911330,11948805,13.2,13.3,13,13.2,0.05,538
107/11/16,382003,5034189,13.3,13.3,13.1,13.15,-0.05,157
107/11/16,382003,5034189,13.3,13.3,13.1,13.15,-0.05,157
107/11/16,382003,5034189,13.3,13.3,13.1,13.15,-0.05,157
107/11/19,569656,7563722,13.35,13.35,13.2,13.25,0.1,253
107/11/19,569656,7563722,13.35,13.35,13.2,13.25,0.1,253
107/11/19,569656,7563722,13.35,13.35,13.2,13.25,0.1,253
107/11/20,457390,5996228,13.15,13.2,13.05,13.15,-0.1,175
107/11/20,457390,5996228,13.15,13.2,13.05,13.15,-0.1,175
107/11/20,457390,5996228,13.15,13.2,13.05,13.15,-0.1,175
107/11/21,365217,4781951,13.1,13.15,13,13.15,0,150
107/11/21,365217,4781951,13.1,13.15,13,13.15,0,150
107/11/21,365217,4781951,13.1,13.15,13,13.15,0,150
107/11/22,420200,5507079,13.15,13.2,13,13.05,-0.1,131
107/11/22,420200,5507079,13.15,13.2,13,13.05,-0.1,131
107/11/22,420200,5507079,13.15,13.2,13,13.05,-0.1,131
107/11/23,373347,4863327,13.05,13.1,12.95,13.05,0,131
107/11/23,373347,4863327,13.05,13.1,12.95,13.05,0,131
107/11/23,373347,4863327,13.05,13.1,12.95,13.05,0,131
107/11/26,251495,3302807,13.1,13.25,13.05,13.15,0.1,136
107/11/26,251495,3302807,13.1,13.25,13.05,13.15,0.1,136
107/11/26,251495,3302807,13.1,13.25,13.05,13.15,0.1,136
107/11/27,239102,3123086,13.2,13.2,13,13,-0.15,120
107/11/27,239102,3123086,13.2,13.2,13,13,-0.15,120
107/11/27,239102,3123086,13.2,13.2,13,13,-0.15,120
107/11/28,375122,4877741,13,13.1,12.95,13.05,0.05,154
107/11/28,375122,4877741,13,13.1,12.95,13.05,0.05,154
107/11/28,375122,4877741,13,13.1,12.95,13.05,0.05,154
107/11/29,762905,10016215,13.15,13.25,13.05,13.05,0,271
107/11/29,762905,10016215,13.15,13.25,13.05,13.05,0,271
107/11/29,762905,10016215,13.15,13.25,13.05,13.05,0,271
107/11/30,473100,6215004,13.2,13.25,13.1,13.1,0.05,169
107/11/30,473100,6215004,13.2,13.25,13.1,13.1,0.05,169
107/11/30,473100,6215004,13.2,13.25,13.1,13.1,0.05,169
107/12/03,1197911,15994756,13.25,13.45,13.25,13.4,0.3,413
107/12/03,1197911,15994756,13.25,13.45,13.25,13.4,0.3,413
107/12/03,1197911,15994756,13.25,13.45,13.25,13.4,0.3,413
107/12/04,441166,5891868,13.4,13.4,13.3,13.4,0,242
107/12/04,441166,5891868,13.4,13.4,13.3,13.4,0,242
107/12/04,441166,5891868,13.4,13.4,13.3,13.4,0,242
107/12/05,584403,7746268,13.25,13.35,13.15,13.35,-0.05,188
107/12/05,584403,7746268,13.25,13.35,13.15,13.35,-0.05,188
107/12/05,584403,7746268,13.25,13.35,13.15,13.35,-0.05,188
107/12/06,873013,11414069,13.3,13.3,12.95,13.05,-0.3,313
107/12/06,873013,11414069,13.3,13.3,12.95,13.05,-0.3,313
107/12/06,873013,11414069,13.3,13.3,12.95,13.05,-0.3,313
107/12/07,165778,2175877,13.15,13.2,13.05,13.15,0.1,91
107/12/07,165778,2175877,13.15,13.2,13.05,13.15,0.1,91
107/12/07,165778,2175877,13.15,13.2,13.05,13.15,0.1,91
107/12/10,394020,5111207,12.95,13,12.95,12.95,-0.2,137
107/12/10,394020,5111207,12.95,13,12.95,12.95,-0.2,137
107/12/10,394020,5111207,12.95,13,12.95,12.95,-0.2,137
107/12/11,478677,6164547,13,13,12.8,12.85,-0.1,218
107/12/11,478677,6164547,13,13,12.8,12.85,-0.1,218
107/12/11,478677,6164547,13,13,12.8,12.85,-0.1,218
107/12/12,201207,2594675,12.95,13,12.75,12.9,0.05,112
107/12/12,201207,2594675,12.95,13,12.75,12.9,0.05,112
107/12/12,201207,2594675,12.95,13,12.75,12.9,0.05,112
107/12/13,228839,2973613,13,13.05,12.95,13,0.1,116
107/12/13,228839,2973613,13,13.05,12.95,13,0.1,116
107/12/13,228839,2973613,13,13.05,12.95,13,0.1,116
107/12/14,115993,1496710,13,13.05,12.8,12.95,-0.05,75
107/12/14,115993,1496710,13,13.05,12.8,12.95,-0.05,75
107/12/14,115993,1496710,13,13.05,12.8,12.95,-0.05,75
107/12/17,104050,1343945,12.95,13,12.9,12.9,-0.05,58
107/12/17,104050,1343945,12.95,13,12.9,12.9,-0.05,58
107/12/17,104050,1343945,12.95,13,12.9,12.9,-0.05,58
107/12/18,284406,3625813,12.9,12.9,12.7,12.75,-0.15,124
107/12/18,284406,3625813,12.9,12.9,12.7,12.75,-0.15,124
107/12/18,284406,3625813,12.9,12.9,12.7,12.75,-0.15,124
107/12/19,139001,1773212,12.85,12.85,12.7,12.75,0,72
107/12/19,139001,1773212,12.85,12.85,12.7,12.75,0,72
107/12/19,139001,1773212,12.85,12.85,12.7,12.75,0,72
107/12/20,284100,3618919,12.75,12.8,12.6,12.7,-0.05,126
107/12/20,284100,3618919,12.75,12.8,12.6,12.7,-0.05,126
107/12/20,284100,3618919,12.75,12.8,12.6,12.7,-0.05,126
107/12/21,360879,4546818,12.7,12.75,12.55,12.6,-0.1,148
107/12/21,360879,4546818,12.7,12.75,12.55,12.6,-0.1,148
107/12/21,360879,4546818,12.7,12.75,12.55,12.6,-0.1,148
107/12/22,177100,2237367,12.65,12.75,12.6,12.7,0.1,78
107/12/22,177100,2237367,12.65,12.75,12.6,12.7,0.1,78
107/12/22,177100,2237367,12.65,12.75,12.6,12.7,0.1,78
107/12/24,62704,796288,12.7,12.75,12.65,12.75,0.05,54
107/12/24,62704,796288,12.7,12.75,12.65,12.75,0.05,54
107/12/24,62704,796288,12.7,12.75,12.65,12.75,0.05,54
107/12/25,327502,4109323,12.6,12.6,12.5,12.55,-0.2,131
107/12/25,327502,4109323,12.6,12.6,12.5,12.55,-0.2,131
107/12/25,327502,4109323,12.6,12.6,12.5,12.55,-0.2,131
107/12/26,236457,2963536,12.7,12.7,12.4,12.5,-0.05,117
107/12/26,236457,2963536,12.7,12.7,12.4,12.5,-0.05,117
107/12/26,236457,2963536,12.7,12.7,12.4,12.5,-0.05,117
107/12/27,174001,2193712,12.75,12.75,12.55,12.55,0.05,93
107/12/27,174001,2193712,12.75,12.75,12.55,12.55,0.05,93
107/12/27,174001,2193712,12.75,12.75,12.55,12.55,0.05,93
107/12/28,63001,796112,12.6,12.7,12.6,12.65,0.1,35
107/12/28,63001,796112,12.6,12.7,12.6,12.65,0.1,35
107/12/28,63001,796112,12.6,12.7,12.6,12.65,0.1,35
108/01/02,268002,3343924,12.65,12.65,12.4,12.45,-0.2,188
108/01/02,268002,3343924,12.65,12.65,12.4,12.45,-0.2,188
108/01/02,268002,3343924,12.65,12.65,12.4,12.45,-0.2,188
108/01/03,180360,2239013,12.4,12.5,12.4,12.4,-0.05,94
108/01/03,180360,2239013,12.4,12.5,12.4,12.4,-0.05,94
108/01/03,180360,2239013,12.4,12.5,12.4,12.4,-0.05,94
108/01/04,272006,3337622,12.35,12.35,12.2,12.3,-0.1,131
108/01/04,272006,3337622,12.35,12.35,12.2,12.3,-0.1,131
108/01/04,272006,3337622,12.35,12.35,12.2,12.3,-0.1,131
108/01/07,327682,4077752,12.35,12.5,12.35,12.5,0.2,129
108/01/07,327682,4077752,12.35,12.5,12.35,12.5,0.2,129
108/01/07,327682,4077752,12.35,12.5,12.35,12.5,0.2,129
108/01/08,223256,2795148,12.6,12.65,12.45,12.5,0,114
108/01/08,223256,2795148,12.6,12.65,12.45,12.5,0,114
108/01/08,223256,2795148,12.6,12.65,12.45,12.5,0,114
108/01/09,631905,7981094,12.6,12.7,12.55,12.65,0.15,256
108/01/09,631905,7981094,12.6,12.7,12.55,12.65,0.15,256
108/01/09,631905,7981094,12.6,12.7,12.55,12.65,0.15,256
108/01/10,613301,7628630,12.5,12.5,12.3,12.5,-0.15,217
108/01/10,613301,7628630,12.5,12.5,12.3,12.5,-0.15,217
108/01/10,613301,7628630,12.5,12.5,12.3,12.5,-0.15,217
108/01/11,292168,3638649,12.5,12.55,12.4,12.5,0,114
108/01/11,292168,3638649,12.5,12.55,12.4,12.5,0,114
108/01/11,292168,3638649,12.5,12.55,12.4,12.5,0,114