date,closed,volume,ema6,ema12,ema26,macd,wrsi6,K9,D9
107/04/30,80.3,38764382.0,0.0,0.0,0.0,0.0,0.0,0.0,0.0
107/05/02,75.7,33905428.0,0.0,0.0,0.0,0.0,0.0,0.0,0.0
107/05/03,75.1,19858281.0,0.0,0.0,0.0,0.0,0.0,0.0,0.0
107/05/04,80.2,23633024.0,0.0,0.0,0.0,0.0,0.0,0.0,0.0
107/05/07,79.0,18888326.0,0.0,0.0,0.0,0.0,0.0,0.0,0.0
107/05/08,77.7,11173106.0,78.55,0.0,0.0,0.0,0.0,0.0,0.0
107/05/09,77.2,10160314.0,78.14166666666667,0.0,0.0,0.0,0.0,0.0,0.0
107/05/10,78.5,10025939.0,78.20277777777778,0.0,0.0,0.0,44.81830417227456,50.0,50.0
107/05/11,79.8,9076769.0,78.70185185185186,0.0,0.0,0.0,50.992110925173314,52.12121212121213,50.707070707070706
107/05/14,79.8,6449451.0,79.15123456790123,0.0,0.0,0.0,50.99211092517332,57.96844853024629,53.127529981462565
107/05/15,79.7,7220833.0,79.41748971193415,0.0,0.0,0.0,50.36790055822652,61.49207430106309,55.915711421329405
107/05/16,79.5,6215484.0,79.51165980795611,78.86250000000001,0.0,0.0,48.93036793434476,57.6613828673754,56.49760190334474
107/05/17,77.8,7272278.0,79.0911065386374,78.76041666666667,0.0,0.0,37.89777203031423,45.66314413380581,52.886115980165094
107/05/18,78.7,5081011.0,78.99407102575827,78.7670138888889,0.0,0.0,45.6789009710084,47.496359655095375,51.089530538475195
107/05/21,79.8,7042916.0,79.24604735050552,78.9308449074074,0.0,0.0,54.11165196044792,57.24563511890079,53.14156539861707
107/05/22,79.0,5977443.0,79.26403156700367,78.99237075617283,0.0,0.0,47.65525697088307,53.31527189744903,53.199467564894384
107/05/23,78.5,4136888.0,79.09268771133578,78.95197563014402,0.0,0.0,43.74100052521106,45.644524699309464,50.681153276366075
107/05/24,78.1,4720107.0,78.83679180755719,78.84747969178669,0.0,0.0,40.544043817078915,36.490289193478986,45.950865248737045
107/05/25,79.0,3465884.0,78.82452787170479,78.83956640982224,0.0,0.0,50.34323497790096,39.95185946231931,43.95119665326447
107/05/28,78.2,4222072.0,78.6746852478032,78.76213867485187,0.0,0.0,42.81608544082167,34.41235075265735,40.771581353062096
107/05/29,78.1,2951022.0,78.52479016520213,78.67261556237656,0.0,0.0,41.876891841588034,29.60823383510484,37.05046551374301
107/05/30,75.3,14277626.0,77.6081934434681,78.1896796353138,0.0,0.0,24.108276002392095,22.11977493768889,32.0735686550583
107/05/31,76.0,14426661.0,77.00546229564539,77.79139969609483,0.0,0.0,32.677835231561936,21.294135672744947,28.480424327620515
107/06/01,76.0,5744263.0,76.62030819709692,77.46783308007902,0.0,0.0,32.67783523156194,21.11432944220729,26.025059365816105
107/06/04,76.8,7866428.0,76.60520546473127,77.31902756673252,0.0,0.0,43.22786596301103,27.844335570167136,26.631484767266446
107/06/05,76.8,5882702.0,76.67013697648751,77.2325229722771,78.29711538461538,0.0,43.22786596301103,32.63696445418544,28.633311329572777
107/06/06,77.6,6719952.0,76.97175798432501,77.28960247689757,78.24156804733728,0.0,53.68042659310058,41.757976302790205,33.008199653978586
107/06/07,78.4,11469649.0,77.48950532288335,77.49550206408132,78.2633705052344,0.0,62.062278226449,54.97043381426325,40.32894437407347
107/06/08,77.5,6106594.0,77.52633688192223,77.51291838673444,78.21234200483175,0.0,49.877584895695904,56.80199463586539,45.81996112800411
107/06/11,76.1,10303724.0,77.18422458794815,77.34409865561203,78.08062338907547,0.0,36.50070304925867,47.17032200530553,46.27008142043792
107/06/12,75.6,15104384.0,76.60614972529876,77.02841554634335,77.87826774376198,0.0,32.7378065930952,37.50748739747638,43.349216746117406
107/06/13,75.6,7792383.0,76.28743315019916,76.79867962195279,77.70686253270337,0.0,32.7378065930952,31.065597658923622,39.25467705038614
107/06/14,74.5,11536033.0,75.7499554334661,76.44473301829399,77.47364233788002,0.0,24.678118199090253,20.710398439282415,33.0732508466849
107/06/15,74.4,18409431.0,75.25830362231073,76.08311084857831,77.22759292727386,-0.9408287427852807,24.032673092622993,18.049356535279202,28.065286076216335
107/06/19,72.1,14943238.0,74.33053574820715,75.48175904048192,76.8620088559451,-1.028712957320862,13.957345394175562,12.495867319815737,22.875479824082802
107/06/20,72.1,14841766.0,73.55369049880477,74.90146586706827,76.48800817471856,-1.1402788273867477,13.957345394175563,13.149855321644182,19.633604989936597
107/06/21,72.6,8254330.0,73.21079366586984,74.50538822255689,76.1831613920479,-1.247777695807599,23.93943184979166,16.636940584799785,18.634716854890993
107/06/22,72.3,8179996.0,72.82386244391323,74.09615685213075,75.86522590035189,-1.3520359662903074,22.0939358378884,17.954038821239035,18.407824177007004
107/06/25,72.4,5165174.0,72.65757496260882,73.80096404344229,75.59290083109406,-1.4400161305625987,24.424391870030792,21.584743829543992,19.466797394519332
107/06/26,71.5,7477434.0,72.24671664173921,73.4049700362019,75.27229307485605,-1.5254775121809088,18.460426267310094,19.844374674241482,19.59265648776005
107/06/27,70.8,7939441.0,71.88947776115947,73.03330836350159,74.9571166844825,-1.605143673940909,15.034120134335625,14.678858478479846,17.95472381799998
107/06/28,70.9,8849302.0,71.63465184077297,72.71525696958466,74.66233847798384,-1.6735312408325633,17.654168239707857,15.711831578245906,17.20709307141529
107/06/29,71.6,9363286.0,71.53976789384865,72.48771414132055,74.40754321044662,-1.722790806491264,34.595626253486614,24.363443274386128,19.592543139072237
107/07/02,70.9,6062119.0,71.45984526256576,72.2897617844338,74.16850142502766,-1.7539805733117837,27.74569747656199,25.766105040067043,21.650397106070503
107/07/03,69.5,9674388.0,70.90656350837718,71.87480148702817,73.83246285387168,-1.794716732018129,18.80809672527623,22.17740336004465,21.826065857395218
107/07/04,70.0,5267851.0,70.59604233891811,71.5581679058568,73.53573494203539,-1.8312867928502201,28.657239403698114,23.951602240029718,22.534577984940054
107/07/05,69.6,4993180.0,70.27236155927874,71.23597325488068,73.23490917726343,-1.8648166187567274,25.66807230272712,21.801068160019714,22.290074709966607
107/07/06,68.8,5883845.0,69.86490770618583,70.87164437906723,72.9129930867047,-1.9001230365328756,20.52890393562174,17.70864861461626,20.76293267818316
107/07/09,70.0,4449601.0,69.90993847079055,70.72637031588935,72.68891669541972,-1.9126077051323738,41.582100113720394,24.504178441490193,22.0100145992855
107/07/10,69.6,4510445.0,69.91495898052703,70.59280859657447,72.47630771884897,-1.9067859885607992,37.59797240836761,25.85992848480292,23.29331922779131
107/07/11,69.4,5531492.0,69.75163932035136,70.39817383047873,72.24159174047598,-1.8941123728480906,35.554037738356044,25.370033624014965,23.98555735986586
107/07/12,70.7,7576597.0,70.02609288023423,70.42764485873228,72.11339237582398,-1.8524394016968124,54.74397621045958,35.612542741213225,27.861219153648317
107/07/13,72.1,7078101.0,70.64239525348948,70.66887071561023,72.0950545007606,-1.7671882783875241,67.31963399969051,54.57502849414205,36.76582226714623
107/07/16,71.1,3615742.0,70.90326350232631,70.79489226300852,72.04351184685594,-1.6634745394795023,54.36977444387828,58.88335232942794,44.1383322879068
107/07/17,71.4,5781581.0,71.03550900155088,70.87907688584043,71.986318627867,-1.5522279799889165,57.32505542433365,64.25556821961862,50.844077598477405
107/07/18,72.6,9009402.0,71.56533933436725,71.1700640715337,72.03544796418493,-1.414859162521378,67.44547936556867,70.28802587190258,57.325393689619126
107/07/19,72.3,6085449.0,71.91855955624483,71.41255339294476,72.08079812078608,-1.2655362755853676,62.965753877753805,70.97215909190668,61.87431549038164
107/07/20,70.6,12786355.0,71.67070637082988,71.3729611607873,72.01112134226408,-1.1400610567636495,43.3751302634865,59.12032828349327,60.95631975475218
107/07/23,70.0,10378691.0,71.18880424721992,71.18163430065609,71.87372739285915,-1.050467463851533,38.3249279607939,47.05244107788437,56.32169352912958
107/07/24,70.7,6021007.0,70.95086949814662,71.0638619172134,71.76613297802383,-0.9808281832433128,46.96912764157842,42.96249695047368,51.86862800291095
107/07/25,70.2,7396659.0,70.75891299876442,70.94905159767784,71.65912274894507,-0.926676776848096,41.9316794501383,32.060468052452585,45.265908019424835
107/07/26,71.2,7100580.0,70.88094199917627,70.9783763313982,71.6180363836416,-0.8692734319271569,53.818754002054725,33.33945733411372,41.29042445765446
107/07/27,74.6,12436150.0,71.84562799945085,71.44448027616517,71.78395666182301,-0.7633140226732948,74.83599348709711,54.87936611389889,45.8200716764026
107/07/30,78.5,23894677.0,74.06375199963391,72.62040023013763,72.30057538014431,-0.546686248139971,84.52813340058546,67.43730790571982,53.025817086175
107/07/31,78.4,20663255.0,75.35083466642261,73.50450019178136,72.73322342782551,-0.2830936457208061,83.53811966382361,75.4546591711891,60.50209778117971
107/08/01,78.0,8898527.0,76.20888977761507,74.2412501598178,73.1325908564543,-0.00474305590394577,79.09168410702694,79.38112029852323,66.79510528696089
107/08/02,76.6,8164868.0,76.47259318507672,74.70104179984817,73.43008386749628,0.2503971417472216,64.64110181355414,77.0342220429871,70.20814420563629
107/08/03,77.3,3831077.0,76.71506212338447,75.1175348332068,73.7200774161504,0.47980919680905754,68.1343435795264,77.95189270950912,72.78939370692723
107/08/06,77.6,4101322.0,76.99337474892297,75.52294569433901,74.01468684567729,0.6854991271795912,69.6750992318471,79.37533588041346,74.98470776475597
107/08/07,77.4,8962734.0,77.16224983261532,75.85245474528251,74.28278785754827,0.8623326792905216,67.08034531037616,79.50865088656779,76.49268880535992
107/08/08,78.4,7762568.0,77.50816655507687,76.24371228773542,74.5841118685061,1.0217862272782814,73.09264748616627,83.00576725771187,78.6637149561439
107/08/09,78.5,7693769.0,77.7721110367179,76.58642690644619,74.86994941708255,1.1607244796953533,73.66970942014464,80.33717817180786,79.22153602803189
107/08/10,76.7,5847589.0,77.35640735781193,76.57618908870516,74.99726100038389,1.244365201420538,82.90735467318427,62.20009408984725,73.54772204863701
107/08/13,74.6,9213754.0,76.47093823854128,76.26349090725431,74.97439476958513,1.2533113886702656,58.34418325548,50.39530082180291,65.83024830635898
107/08/14,74.9,6721371.0,75.88062549236086,76.00290908937859,74.95328747961705,1.2125734328885214,60.35760375012917,44.31115292882104,58.65721651384633
107/08/15,73.1,8545091.0,75.05375032824058,75.5690909078155,74.83380382733881,1.1171161624061532,44.775348821019136,31.235683873451293,49.51670563371465
107/08/16,73.1,4850031.0,74.38583355216038,75.14924242317959,74.69658814831274,0.9842237848982915,44.775348821019136,25.87429429947257,41.63590185563395
107/08/17,73.7,2901826.0,74.13222236810692,74.89520201931633,74.61415829075023,0.843587773631854,50.864227755961245,25.330337613789826,36.200713775019246
107/08/20,73.2,5005124.0,73.83814824540461,74.6210016827636,74.5092230376156,0.6972259479350846,45.813040451137596,22.442447298082143,31.614624949373546
107/08/21,73.0,3486058.0,73.6337654969364,74.38833473563635,74.41043665010672,0.553360375453994,43.72860762346154,19.50708607750933,27.578778658752142
107/08/22,74.0,3607009.0,73.68084366462428,74.28611227969697,74.36155690779081,0.42759937474442555,55.79596017124496,26.77283999370189,27.310132437068727
107/08/23,73.9,4213575.0,73.73722910974952,74.21342689974746,74.32220637642229,0.32032360446057523,54.3961355349297,31.484923632164964,28.701729502100807
107/08/24,73.3,3195816.0,73.58315273983301,74.05702241645622,74.24165203977442,0.21933295890481985,46.07360222561662,34.783052536385846,30.72883718019582
107/08/27,73.1,2001469.0,73.47210182655535,73.92251868038018,74.16537111363793,0.1268958804723054,43.41653440138878,36.52203502425723,32.65990312821629
107/08/28,73.9,3580083.0,73.58140121770357,73.90209890031682,74.13726564335808,0.05448335576959196,55.6839427928681,49.34802334950492,38.22260986864583
107/08/29,74.8,3995845.0,73.91260081180238,74.01424908359733,74.17093751694591,0.012248997945958084,65.71776097644235,66.23201556633661,47.559078434542755
107/08/30,74.3,3617234.0,74.12506720786826,74.10354090299778,74.20009616948853,-0.009511854941384216,57.09904277030013,63.20229609184341,52.77348432030964
107/08/31,75.3,7601345.0,74.35837813857883,74.22378408583148,74.2481656949125,-0.012485805769311072,67.36959200270913,72.90409483045967,59.48368782369298
107/09/03,74.3,2163346.0,74.37225209238589,74.25315340485957,74.25984525684231,-0.01132701501199622,52.334771040680344,66.551447835691,61.839607827692326
107/09/04,73.9,2411492.0,74.24816806159059,74.21096117071632,74.23985716016213,-0.014840809898759877,47.27103886224981,57.18814471097351,60.289120122119385
107/09/05,73.8,5273374.0,74.17377870772707,74.17996764226359,74.2233296863035,-0.020545056726989825,45.93760940612871,49.66389134577713,56.74737719667197
107/09/06,72.5,6063538.0,73.72418580515138,73.95413970188632,74.11576586428016,-0.0487612778603607,31.900066770333563,33.109260897184754,48.8680050968429
107/09/07,71.7,6380842.0,73.14945720343425,73.62844975157194,73.95301464395092,-0.103922000764086,26.026892399801177,22.072840598123168,39.93628359726966
107/09/10,69.6,6840584.0,72.08297146895616,73.0153747929766,73.64509044057007,-0.20908073012996303,16.473219859475883,17.792150142338496,32.554905778959274
107/09/11,70.9,7486831.0,71.60531431263745,72.62114566081384,73.41469886821852,-0.3259752255849074,34.36937961393055,21.605023171815436,28.904944909911325
107/09/12,70.6,6786148.0,71.2452095417583,72.2717880506782,73.19241433989401,-0.4449054383110894,32.44437125981752,22.868957246818727,26.892949022213795
107/09/13,71.4,8270605.0,71.1968063611722,72.07649004223184,73.0314593906714,-0.546918220336784,42.712088369987455,28.149197304330794,27.311698449586128
107/09/14,72.7,6708288.0,71.63120424078146,72.1470750351932,72.9905778990813,-0.6062351490470481,55.80927677795254,40.03049935231251,31.551298750494922
107/09/17,72.5,4332720.0,71.94580282718765,72.218395862661,72.95861036838275,-0.633031020381989,53.54913624633809,46.80194209694398,36.63484653264461
107/09/18,72.0,4253899.0,71.97220188479177,72.18616321888418,72.88679418619947,-0.6465510097686494,47.7480902398967,52.03462806462934,41.76810704330618
107/09/19,73.0,6603124.0,72.21480125652785,72.27180268240348,72.87242540264566,-0.6373653518633566,58.53006746818598,68.02308537641956,50.51976648767731
107/09/20,72.7,4873964.0,72.3848675043519,72.34733556866956,72.86108498705754,-0.6126421651682801,54.482832481658285,73.37902661458271,58.139519863312444
107/09/21,73.5,8932619.0,72.72324500290127,72.52277964055797,72.9025399880531,-0.5660658016336513,62.72975045421893,77.49077964781708,64.58993979148066
107/09/25,74.3,6864162.0,73.19883000193418,72.79398303379831,72.99849845051057,-0.49375572464937195,69.3858511292476,78.58359668828831,69.25449209041655
107/09/26,74.1,2427302.0,73.53255333462279,73.02831919483192,73.09092164662515,-0.40752507007814265,65.8574053153548,78.0300900998845,72.17969142690588
107/09/27,74.1,5869387.0,73.72170222308186,73.20693266235993,73.16854305842323,-0.31834213527517263,65.85740531535481,74.82707761044928,73.062153488087
107/09/28,74.5,10890071.0,74.0561348153879,73.45994388529994,73.2882705154676,-0.22033903425367135,70.2189911688503,73.14053236045457,73.0882797788762
107/10/01,74.9,8092747.0,74.47908987692527,73.77078657108328,73.44494201427779,-0.1111023160418386,74.17746694131412,70.982577129192,72.38637889564814
107/10/02,74.9,6999654.0,74.58605991795018,73.9423221425694,73.54917724394872,-0.01025287310933567,74.17746694131412,68.84949586390584,71.20741788506737
107/10/03,75.4,6479769.0,74.85737327863346,74.18526845214116,73.69154822518342,0.09054174690407828,79.1628581096952,70.3441083537151,70.91964804128328
107/10/04,73.1,9288355.0,74.4382488524223,74.08772371011763,73.68450605401547,0.15307692874369408,38.32232851336917,51.77412101629783,64.53780569962147
107/10/05,70.7,8040054.0,73.31716590161487,73.5856030917647,73.48377481909121,0.14282719752965262,23.282052308743836,37.12024734419856,55.398619581147166
107/10/08,69.7,8206460.0,72.22811060107658,72.99633590980392,73.21963829454573,0.06960128107535932,19.46279340771585,25.223022038989555,45.34008706709463
107/10/09,68.6,9104937.0,71.13540706738438,72.32194659150326,72.89120457958067,-0.05817057275519464,15.99852381325781,16.815348025993035,35.83184072006076
107/10/11,61.8,29295979.0,68.27360471158958,70.69328882625273,72.0957273042283,-0.3270241537992716,6.894740537305459,11.210232017328691,27.62463781915007
107/10/12,63.7,10045414.0,66.55740314105972,69.43190735521061,71.4056713577492,-0.6563721235471347,21.812547867846,12.702246181487114,22.65050727326242
107/10/15,63.3,8575902.0,65.49660209403982,68.42242279600885,70.7879274071531,-0.9981986210665598,20.963969540908895,13.065865270416696,19.45562660564718
107/10/16,64.0,6751872.0,64.96440139602655,67.6686856633407,70.25808683737209,-1.3164391316595268,26.93328353467222,14.91747339866861,17.942908869987658
107/10/17,65.0,4365338.0,64.90960093068436,67.19057138611724,69.83823400372808,-1.5826838288497882,35.309075257416474,18.81788394443615,18.234567228137156
107/10/18,63.2,5223490.0,64.46473395378958,66.5879761550977,69.35644677267207,-1.8198411865947037,28.301477845712437,18.100811518513,18.189981991595772
107/10/19,62.4,13749320.0,63.651489302526386,65.82748012924809,68.79248932862036,-2.0488747891502177,25.592563249952683,16.921576611047502,17.767180198079682
107/10/22,62.2,5883143.0,63.18432620168426,65.23123344104008,68.28922091872649,-2.2506973268574564,24.87818832057553,16.042955835936443,17.192438744031936
107/10/23,61.9,5553424.0,62.74788413445617,64.67186120086673,67.79581930959368,-2.4253494832313556,23.68800617167294,18.63181182713224,17.672229771732038
107/10/24,62.2,8275015.0,62.49858942297078,64.22655100072227,67.34998705500955,-2.564966797442541,27.83111122510534,23.273921063049453,19.539460202171174
107/10/25,60.6,7681320.0,61.89905961531385,63.63879250060189,66.83844958923959,-2.691904855681573,20.65439717020281,18.84928070869964,19.309400371013997
107/10/26,61.7,7678627.0,61.7743730768759,63.286493750501585,66.42972269775962,-2.782169673996864,34.57327508624995,23.232853805799788,20.61721818260926
107/10/29,61.2,6919061.0,61.68291538458393,62.98874479208465,66.05051325947042,-2.838089432674645,31.554052887939687,22.82190253719988,21.352112967472802
107/10/30,61.3,6214437.0,61.56361025638929,62.71145399340387,65.68701223951116,-2.8655831953611743,32.959146725727784,23.725239989338903,22.143155308094833
107/10/31,62.4,10887503.0,61.69240683759286,62.584544994503226,65.39954975954878,-2.8554675092980495,47.2524812501449,39.04914989188249,27.778486836024054
107/11/01,62.6,5847744.0,61.928271225061906,62.55378749541935,65.16881516266041,-2.807379540886651,49.59707870842808,51.285291847113605,35.61408850638724
107/11/02,62.6,5103098.0,62.193847483374604,62.58232291284946,64.9808293809173,-2.7256049263228883,49.59707870842808,57.999718374266216,43.07596512901356
107/11/05,62.4,66170047.0,62.17089832224974,62.50610242737455,64.76115019776981,-2.631493495137362,46.61348088240802,60.57124082093935,48.90772369298882
107/11/06,61.6,4176216.0,61.997265548166496,62.363418689478785,64.5218309517875,-2.536877248571634,36.169465304588314,54.666541499673855,50.8273296285505
107/11/07,61.2,6536002.0,61.748177032110995,62.177848907898984,64.27015164780386,-2.447962346838282,31.883286296508782,43.11102766644925,48.25522897451675
107/11/08,61.8,5328453.0,61.76545135474066,62.11487408991582,64.08013998258818,-2.351423056005097,43.85853320628952,42.074018444299455,46.194825464444314
107/11/09,60.6,4155793.0,61.451967569827104,61.89989507492985,63.82974459931217,-2.2671083496805418,30.84433445853472,29.124614446737286,40.50475512520864
107/11/12,61.0,5880199.0,61.35964504655141,61.77907922910821,63.625533476288155,-2.182977529180422,38.181703398246576,24.792753717179693,35.26742132253232
107/11/13,59.5,8481603.0,60.7647633643676,61.41173269092351,63.313953978112146,-2.126826280782065,25.843028682826336,18.078890075019043,29.537910906694563
107/11/14,59.5,5498162.0,60.3515089095784,61.097277242436256,63.02249597979582,-2.086504772097565,25.843028682826333,14.32532065607328,24.4670474898208
107/11/15,59.5,5711222.0,60.07600593971893,60.83523103536354,62.75345782750383,-2.05284917610611,25.843028682826336,12.675213770715494,20.53643625011903
107/11/16,60.3,5448745.0,60.12567062647929,60.733525862802956,62.558961071541994,-2.0073663826326955,42.86041214048896,19.908475847143617,20.327116115793896
107/11/19,59.7,5158365.0,60.000447084319525,60.56960488566913,62.342887142961835,-1.9605495575646976,35.52369965914853,19.224698183810037,19.95964347179928
107/11/20,57.6,10999139.0,59.33363138954635,60.141337404724275,62.00881890119554,-1.941935945346011,20.666013983995057,12.816465455873358,17.578584133157303
107/11/21,56.6,15076140.0,58.43075425969757,59.555281170603564,61.594678985718964,-1.961428319299889,16.67961361794185,10.84316087862821,15.333443048314273
107/11/22,56.5,6291193.0,57.803836173131714,59.05440097550297,61.20662675604827,-1.9995878115489714,16.302255976118772,8.952911850119941,13.206599315582828
107/11/23,56.4,4530641.0,57.34422411542115,58.61616747958581,60.83880931327532,-2.0441986159770784,15.871369549872067,8.241335172807213,11.551511267990955
107/11/26,57.4,6970761.0,57.3794827436141,58.42180623298817,60.57813167379261,-2.0666239809425515,36.12940451475254,15.342708297022972,12.815243611001627
107/11/27,58.0,7224399.0,57.54465516240939,58.33067186082348,60.370198468116264,-2.061204506212598,45.5667574974149,24.6224115919547,16.750966271319317
107/11/28,62.5,18444288.0,58.929770108272926,58.892226550686225,60.47249089364579,-1.9650164735619917,76.63625412732262,46.04457069093277,26.515501077857135
107/11/29,62.0,14760938.0,60.10318007218195,59.48518879223852,60.624606978749966,-1.7998968161518831,71.21638646885808,56.2375060017474,36.42283605248722
107/11/30,62.4,16410287.0,60.78545338145463,59.9293239935321,60.74194490346151,-1.6024416349073882,73.04635314102956,64.76439794055888,45.870023348511104
107/12/03,64.5,14514866.0,61.940302254303084,60.64943666127675,61.011795295502935,-1.3544250347711473,80.75472346428771,73.94549606293668,55.228514253319624
107/12/04,64.6,8139156.0,62.81020150286872,61.29953055106396,61.283964888156554,-1.0804268952354366,81.06417400237045,80.43252851082222,63.62985233915382
107/12/05,62.8,8422097.0,62.81513433524581,61.55377545921996,61.40250605060605,-0.8340876344655666,60.16729870154658,78.16381021600601,68.47450496477121
107/12/06,59.7,17538564.0,61.91842289016387,61.31564621601664,61.30423635440558,-0.6649881352502419,39.25449632781042,64.12471068663967,67.02457353872737
107/12/07,60.2,4921657.0,61.337281926775916,61.1255385133472,61.217372019451304,-0.550357209421014,43.0834477862099,56.241870616489955,63.430339231314896
107/12/10,59.4,5403400.0,60.69985461785061,60.84211542778934,61.07949724872427,-0.48776213172379823,38.432269536856914,41.9721923512918,56.27762360464053
107/12/11,58.8,3673480.0,60.15823641190041,60.547596189824446,60.925305152668564,-0.4657514979478621,35.02881118455234,27.98146156752787,46.84556959226964
107/12/12,60.0,7693141.0,60.047157607933606,60.42716349152037,60.84066629477099,-0.4553017590084142,46.41717337229685,25.725014782392307,39.80538465564386
107/12/13,60.5,4042349.0,60.189771738622404,60.435136242933645,60.812538118250146,-0.43972178227003156,50.734851447586486,26.745969450887788,35.4522462540585
107/12/14,60.3,5564091.0,60.20984782574826,60.4042802024447,60.76926595530783,-0.4247745763886507,48.845593463317,26.684812967258505,32.529768491791835
107/12/17,60.3,2991149.0,60.306565217165506,60.420233502037256,60.748553189514915,-0.4054835986064524,48.845593463316995,29.846612900158135,31.635383294580603
107/12/18,59.8,5506239.0,60.17937681144367,60.337694585031045,60.68520294416761,-0.39388855071247425,43.071575485299626,33.231075266772045,32.16728061864442
107/12/19,60.3,3550997.0,60.219584540962444,60.33141215419254,60.6555719484624,-0.3799427994239515,50.143758952727666,44.82071684451464,36.385092693934496
107/12/20,59.8,4998686.0,60.104723027308296,60.25534346182712,60.59552795242683,-0.37199113765910335,43.63835889097622,45.88047789634303,39.55022109473734
107/12/21,58.7,10395566.0,59.67814868487219,60.016952884855925,60.45933349454784,-0.386069032065666,32.50528622329694,35.34889002613351,38.149777405202734
107/12/22,58.2,750076.0,59.210432456581465,59.72662740404661,60.29130784112108,-0.4217913130674272,28.53450834824762,24.677037795200135,33.65886420186853
107/12/24,58.1,6312355.0,58.94028830438765,59.50552283670552,60.145822622573306,-0.46549300762749957,27.721764464773145,16.451358530133422,27.92302897795683
107/12/25,57.3,5147365.0,58.418525536258436,59.1504356972546,59.932682420836905,-0.5288437508184605,21.769276302472722,14.84354134567034,23.563199767194664
107/12/26,57.0,2644937.0,58.03735035750562,58.8378630810455,59.728245311541755,-0.6011514467540199,19.85115541599941,11.44608182734614,19.524160453911822
107/12/27,57.9,5468309.0,58.02490023833709,58.69821923420458,59.59530336450008,-0.6603379834623166,39.152151085408,16.797387884897436,18.615236264240362
107/12/28,58.3,4117797.0,58.06660015889139,58.60684936183714,59.48412618261546,-0.7037257509255174,46.077634747685366,23.698258589931623,20.30957703947078
108/01/02,56.5,11621170.0,57.644400105927595,58.30570780153096,59.277654937798886,-0.7573700279939997,28.537959288422392,15.798839059954416,18.805997712965326
108/01/03,56.0,14270437.0,56.979600070618396,57.86308983460913,58.99860455796819,-0.8329989670670128,25.324643150594213,22.437321278064843,20.01643890133183
108/01/04,55.2,6542754.0,56.36140004707894,57.40674152884094,58.70063497658603,-0.9251778632026285,20.822965876038523,22.505383996697336,20.846087266453665
108/01/07,55.0,8979815.0,55.96593336471929,57.03478460736745,58.42943228607941,-1.0190718263044953,19.768745541840946,21.292897507232187,20.995024013379837
108/01/08,55.2,3775871.0,55.72728890981286,56.73732050613955,58.18486057176561,-1.104765474168809,24.3638906313923,22.890917178734522,21.626988401831397
108/01/09,56.3,8833251.0,55.85985927320858,56.635267088449616,58.026409758552866,-1.1620409133556973,45.11194658046649,31.927278119156323,25.060418307606373
108/01/10,57.0,3647816.0,56.18157284880572,56.66688924037468,57.93399362327958,-1.183053607265537,54.618329583467215,43.023982514220144,31.048273043144295
108/01/11,57.6,5031521.0,56.59604856587048,56.793241033645565,57.894840267642685,-1.1667627326118537,61.48038032984643,55.95538228220739,39.35064278949866
108/01/14,57.3,3483333.0,56.88069904391366,56.9027008613713,57.86062178551633,-1.1249943709184886,56.366551751476614,63.494064378614404,47.39844998587057
108/01/15,58.6,7951325.0,57.34546602927577,57.13141738447607,57.8924970327843,-1.052211426396436,69.54091887711063,75.66270958574295,56.8198698524947
108/01/16,58.6,5289744.0,57.75531068618384,57.37201448706339,57.944997261031666,-0.9563656959108042,69.54091887711061,80.74483669352561,64.79485879950501
108/01/17,58.1,4185744.0,57.91187379078923,57.514178739219496,57.966535933260005,-0.8555639955367452,59.57802562607208,79.03314316153741,69.54095358684914
108/01/18,58.8,4046007.0,58.191249193859484,57.72014894934958,58.026802399932315,-0.7457818865459435,67.41970885688902,83.5220954410249,74.20133420490772
108/01/21,58.8,4121143.0,58.49416612923966,57.95012412445798,58.109356061475985,-0.6284718966403561,67.41970885688902,80.50409199614425,76.30225346865323
108/01/22,58.5,4758407.0,58.51277741949311,58.050103437048314,58.143251749054755,-0.5214071797135731,60.211061762637,73.489214483916,75.36457380707417
108/01/23,58.3,2861067.0,58.46685161299541,58.10425286420693,58.161078537589006,-0.42849087844727424,55.46658517195211,64.61780965594399,71.78231909003078
108/01/24,58.7,2080699.0,58.519567741996944,58.19104405350578,58.19676480392832,-0.34393685284232745,62.54907299210256,61.96742865951825,68.5106889465266
108/01/25,60.5,9302191.0,59.096378494664634,58.53420337792148,58.354705972856905,-0.23925000126094725,79.85212784256004,73.63485142957781,70.21874310754367
108/01/28,60.5,2286889.0,59.55591899644309,58.85766948160124,58.51780551340638,-0.12342720736978534,79.85212784256004,79.29823428638524,73.24524016715753
108/01/29,59.9,4743095.0,59.6206126642954,59.006391234667696,58.61258970468281,-0.019981459898851417,65.35777829535533,76.82382285759017,74.43810106396842
108/01/30,60.0,6035231.0,59.71374177619693,59.15532602888974,58.711621265861055,0.0727557846866557,66.57133821395279,75.02540571458395,74.63386928084026
108/02/11,58.8,7591657.0,59.50916118413128,59.14610502407478,58.741496553102515,0.13912632194377725,44.249623293826176,59.540746666865466,69.60282840951533
108/02/12,60.3,4034739.0,59.63110745608751,59.267587520062314,58.828689125940784,0.19908073637932783,62.90622564152687,67.07478349219602,68.7601467704089
108/02/13,59.6,4747235.0,59.637404970725015,59.33132293338527,58.89186688548379,0.24715579868375825,52.97806361514662,63.764141375749766,67.09481163885586
108/02/14,58.8,4753969.0,59.38326998048334,59.2552691111544,58.89056943275427,0.27066457462703236,43.55153326600803,49.17609425049985,61.12190584273719
108/02/15,58.9,2785198.0,59.238846653655564,59.204390925961995,58.8951410148501,0.27838164192400555,45.01897175657412,39.72850727811102,53.990772987861796
108/02/18,58.6,3706944.0,59.11756443577038,59.14949243830166,58.89359170601548,0.2738854599964402,41.16638044880439,29.2634492965185,45.74833175741403
108/02/19,58.6,2062938.0,58.98670962384693,59.078743698584724,58.88062311324506,0.25873248506508534,41.16638044880439,22.683569372282218,38.06007762903676
108/02/20,60.4,6873623.0,59.34947308256462,59.24478641548726,58.97249825838006,0.2614436194735093,66.17563555376655,46.86841132755321,40.996188861875574
108/02/21,59.9,4264777.0,59.53298205504308,59.353988679572716,59.04384454619697,0.27118372225395615,57.96263164826436,55.05513136122594,45.6825030283257
108/02/22,59.8,3849000.0,59.62198803669539,59.428323899643935,59.10201035033567,0.28220968766481835,56.28608293623529,58.925643129706145,50.09688306211918
108/02/25,62.0,7047763.0,60.2729920244636,59.786103249703274,59.29224032338678,0.3245403353951538,75.2133977481738,69.98551647243569,56.72642753222468
108/02/26,64.5,17048933.0,61.53199468297573,60.49675270808606,59.65822183697241,0.42733844253885395,84.4151492823246,76.06877568750616,63.1738769173185
108/02/27,62.9,16706676.0,62.13799645531716,60.97229392340506,59.94220477258992,0.5478885841941119,65.68702383569854,72.2811445759845,66.2096328035405
108/03/04,63.8,12309135.0,62.583664303544765,61.38941160283755,60.21395825162146,0.6734015375985065,70.15623881557647,74.05807648349214,68.8257806968577
108/03/05,63.5,8251344.0,62.85577620236318,61.724509669031285,60.45903838611211,0.7918154866626397,66.68213840058269,73.7501604417311,70.4672406118155
108/03/06,64.0,8562383.0,63.30385080157546,62.1370913908594,60.746804664103486,0.9115097346812953,69.68454908773177,75.20844029448737,72.04764050603946
108/03/07,63.1,6097643.0,63.36090053438364,62.360076159049505,60.95666584378784,1.0098898507973695,58.330682505291676,70.69451575188046,71.5965989213198
108/03/08,63.5,8877195.0,63.38226702292243,62.53756346587459,61.146537701957996,1.0861170334212145,61.66213725386184,69.72854722441745,70.97391502235234
108/03/11,62.2,8768609.0,63.071511348614955,62.52296955489549,61.24680403257662,1.1241267312007455,47.005590666632855,60.06594506319188,67.33792503596553
108/03/12,62.9,7275256.0,63.0310075657433,62.59414129574623,61.377819106993805,1.1425658227110822,54.06111737980877,50.22914856064643,61.63499954419249
108/03/13,63.0,5744379.0,62.97900504382886,62.64095107978853,61.49298686799428,1.143645500527715,55.08620812540937,44.597210151542065,55.95573641330901
108/03/14,63.0,6690545.0,62.96933669588591,62.69245923315711,61.605064801225495,1.1323952868084948,55.086208125409385,40.842584545472484,50.91801912403017
108/03/15,62.1,13498557.0,62.77955779725727,62.64371602763092,61.66621366266968,1.1014167024390438,42.72923716022724,27.228389696981655,43.02147598168066
108/03/18,62.7,9182262.0,62.69470519817151,62.623930023025764,61.73227415015663,1.0594645365250623,51.44308923839646,26.48559313132114,37.50951503156082
108/03/19,62.6,9656984.0,62.67147013211434,62.62410835252147,61.80094536937535,1.0122042258492736,49.92388696278495,26.85246438639803,33.957164816506555
108/03/20,63.0,12968052.0,62.81431342140956,62.70342362710122,61.90087264865417,0.9702735763688292,56.140996998912826,33.286258308880726,33.73352931396462
108/03/21,63.7,7464672.0,63.0595422809397,62.84451968925102,62.02772859875769,0.9395770791937299,65.21119468192805,52.34956903131738,39.93887588641554
108/03/22,65.9,19681862.0,63.88136152062648,63.29126640770918,62.29674947577633,0.9505650497415539,80.45512158063147,65.27008305791536,48.38261161024881
108/03/25,65.0,6117577.0,64.20424101375097,63.551055339757646,62.49315336225508,0.9720324352937565,66.21227146041358,67.21709240898063,54.66077187649275
108/03/26,67.5,15544023.0,65.16949400916731,64.1425461164647,62.847526180543156,1.0366299354193143,78.75112619974554,74.49889493932041,61.27347956410197
108/03/27,68.4,20554759.0,66.3046626727782,64.88128843038724,63.288101089732145,1.1479414164664712,81.68702757963034,77.51403122536975,66.68699678452457
108/03/28,67.7,6248973.0,66.80310844851881,65.36774035865604,63.635170236675826,1.264867157569219,72.35623979995971,76.57053558484567,69.98150971796493
108/03/29,67.5,10339498.0,67.01873896567922,65.71478363221335,63.928618680008455,1.369126716496355,69.62933082248941,74.602579278786,71.52186623823862
108/04/01,68.7,15028710.0,67.55415931045282,66.19981969351113,64.28987878154626,1.4772895555900574,76.11144913954887,78.37355050510615,73.80576099386113
108/04/02,70.6,27083245.0,68.56110620696855,66.92901641125927,64.77334964450425,1.6129649978230496,83.00380733035635,80.76755218858925,76.1263580587705
108/04/03,70.8,12154708.0,69.31573747131236,67.57834700938272,65.23886121031161,1.7582691580726624,83.60144937097333,82.53701791475567,78.26324467743223
108/04/08,70.6,8944204.0,69.7938249808749,68.10695584115227,65.66279496336458,1.895447502015669,80.21663257700723,82.73030631546477,79.75226522344308
108/04/09,70.8,6490110.0,70.12088332058327,68.5516298676269,66.05604150464423,2.01547567420907,81.13327333493987,83.01423406105607,80.83958816931407
108/04/10,71.8,7086961.0,70.58058888038885,69.04302488968908,66.47480754274852,2.1260240087553672,85.2373430196191,88.04722522309392,83.24213385390736
108/04/11,71.4,5081437.0,70.82872592025923,69.4233540747409,66.8478992702294,2.2159101679065927,77.17878489430278,88.88682939401231,85.12369903394234
108/04/12,69.7,8746770.0,70.55248394683949,69.51946172895076,67.09036855713484,2.2585467686884586,52.07157984084936,78.75474160858683,83.00071322549051
108/04/15,71.0,5008835.0,70.60165596455965,69.71621810745897,67.36803251427831,2.2764745335868986,63.090016136655784,78.859750219678,81.62039222355301
108/04/16,71.0,4689182.0,70.6761039763731,69.90101508954915,67.63395309010306,2.274592026758736,63.09001613665579,74.79538903534085,79.34539116081562
108/04/17,75.2,29499991.0,72.05073598424873,70.7175125746243,68.18518746778744,2.326138642774359,82.1650894750314,74.30803713467168,77.66627315210097
108/04/18,74.1,21088288.0,72.86715732283248,71.34792714552025,68.67094227795764,2.396307887732009,70.68434070725431,69.09424697866997,74.80893109429064
108/04/19,75.5,12760268.0,73.55310488188832,71.9441059546002,69.15202364119166,2.4754627728673158,75.8401193386883,71.84060909689107,73.81949042849078
108/04/22,75.0,7749558.0,74.0604032545922,72.4659216288335,69.60763720725384,2.5520271026097836,70.52445499286516,71.44929495348292,73.02942527015483
108/04/23,74.3,7121812.0,74.1402688363948,72.77160135736125,69.96858819131124,2.6022243152978284,63.09491104078719,68.07730774676637,71.37871942902534
108/04/24,73.1,20188469.0,73.8601792242632,72.85966779780104,70.22485063813345,2.608742884171781,51.856815644183634,60.495982942288656,67.75114060011312
108/04/25,73.6,10671571.0,73.7067861495088,72.9497231648342,70.46909289673857,2.5831203609565496,55.7936991276494,57.44777241197619,64.3166845374008
108/04/26,73.1,7675232.0,73.52952409967253,72.9872693040285,70.67723959698945,2.5285022301730495,50.807947434787486,52.650366793169276,60.42791195599029
108/04/29,71.6,13315307.0,72.96968273311502,72.79772442002375,70.76745193568257,2.4288562810066763,38.441427614651246,37.32246675100169,52.72609688766076
108/04/30,71.7,9621768.0,72.55478848874334,72.61893701668646,70.84110947909161,2.2986505323243103,39.61718891620236,28.086772705795997,44.51298882703917
108/05/02,70.7,11465827.0,72.08652565916223,72.37411418057205,70.86487028839225,2.1407692042954074,32.230097302199,18.724515137197333,35.91683093042523
108/05/03,72.0,10893860.0,71.93268377277482,72.24926181714338,70.92334180466978,1.9777993659310464,47.50102037940545,23.392101000555783,31.74192095380208
108/05/06,71.4,8169734.0,71.62178918184988,72.04105151428615,70.92923858892594,1.8046020778168796,42.23060467648211,27.10988551552207,30.197909141042075
108/05/07,71.0,5640001.0,71.43952612123326,71.8800429285718,70.9404510051624,1.6316000469353829,38.787693090785275,27.688641625732657,29.361486635938935
108/05/08,70.0,8485344.0,70.9430174141555,71.55836910714316,70.86426246630376,1.4441013657161879,31.165302891599282,23.307579265639934,27.343517512505937
108/05/09,69.4,9310091.0,70.437011609437,71.20280758928597,70.75354996889577,1.2451326166509902,27.30226942201447,19.384540023247187,24.690525016086355
108/05/10,68.8,5809758.0,70.01634107295799,70.8648396577383,70.63212304821148,1.0426494152261558,23.76706934383096,12.92302668216479,20.768025571445833
108/05/13,68.0,3515063.0,69.45256071530532,70.44153304811525,70.45465204450291,0.8314957329033925,19.68818870933481,9.339988802602575,16.958679981831413
108/05/14,66.8,9534115.0,68.57670714353688,69.83877754009605,70.17544804107962,0.5978624861259995,15.041619041199581,10.329223304299138,14.748861089320656
108/05/15,68.0,6389866.0,68.30947142902458,69.4948146167467,69.9907981917658,0.3790932738969775,33.7922795597087,17.468159451543347,15.655293876728217
108/05/16,68.5,8258516.0,68.33964761934972,69.31234551395558,69.8684291000915,0.19205790189039668,40.37231586725225,26.265322675297895,19.19197014291811
108/05/17,65.6,9806836.0,67.69309841289981,68.82695459496297,69.60162686162292,-0.0012881318196722891,23.864688329899653,17.510215116865265,18.631385134233827
108/05/20,64.5,8651497.0,66.71206560859987,68.14746216246914,69.22842479534424,-0.2172230320307577,20.12007828226621,12.211111153178964,16.491293807215538
108/05/21,62.6,16820130.0,65.40804373906657,67.25621846872428,68.73393058031776,-0.4693208479433014,15.182308778542914,12.307407435452648,15.096665016627908
108/05/22,62.9,7366802.0,64.60536249271105,66.5468487239369,68.2928589972164,-0.7246587330105402,18.951059302170243,13.507968593332064,14.56709954219596
108/05/23,58.3,20120431.0,62.8035749951407,65.32237393661408,67.59340830512284,-1.0339338601101822,10.426549919557628,9.005312395554709,12.713170493315543
108/05/24,58.6,10160249.0,61.419049996760464,64.21031161384508,66.90545382011338,-1.3661755293418059,13.472580936736328,6.888497349248875,10.771612778626654
108/05/27,58.7,6440757.0,60.471033331173636,63.271093011537566,66.26464968010465,-1.6916517571868623,14.633765188639732,6.0543198702594845,9.19918180917093
108/05/28,58.4,21892271.0,59.84735555411576,62.49257750961463,65.67506124317353,-1.9898181524612706,13.959368157861705,4.6210085684770705,7.673124062272977
108/05/29,58.4,7888895.0,59.314903702743834,61.78548125801219,65.10390268600634,-2.255538807567846,13.959368157861702,5.461624759937087,6.935957628161013
108/05/30,58.6,7754963.0,59.10993580182922,61.27123438167683,64.61129478708277,-2.4724431271354654,17.60466921906122,7.807749839958061,7.226555032093362
108/05/31,59.8,17213061.0,59.28162386788614,60.996861984730685,64.22773364961486,-2.624128834685208,36.863938113032695,15.833185883643521,10.095431982610082
108/06/03,60.0,10809985.0,59.44608257859076,60.7932183206089,63.88521567656756,-2.7177025389398985,39.68363454485159,23.670211354122994,14.620358439781052
108/06/04,59.0,8730653.0,59.36405505239384,60.527681933840746,63.524814470677754,-2.7735885385193204,31.297135436764457,26.632854081043234,18.62452365353511
108/06/05,60.0,6478019.0,59.5510367015959,60.42723494486729,63.24790566524099,-2.7830049748901975,45.195577357647814,45.34144295058055,27.530163419216922
108/06/06,58.7,5427682.0,59.34235780106393,60.17686245405608,62.91537446022245,-2.7741063811454327,34.35398656631823,42.87130679463993,32.64387787769126
108/06/10,59.9,5270282.0,59.478238534042625,60.10571871171339,62.67188411712842,-2.7325181859993517,48.13523662493769,55.017652805622,40.101802853668175
108/06/11,60.5,6988026.0,59.760492356028415,60.14226559309449,62.491354569657005,-2.655832344111984,53.93728135667022,66.88676853708135,49.03012474813924
108/06/12,60.5,5392824.0,59.95699490401895,60.17688799424542,62.3266349873757,-2.554615273915643,53.937281356670205,73.7578456913876,57.27269839588869
108/06/13,60.6,5189461.0,60.1379966026793,60.230739995204516,62.18612460373141,-2.4347691408378926,55.141660178657844,79.72745268314735,64.75761649164157
108/06/14,60.0,8877250.0,60.1086644017862,60.200616662670434,62.0218073265213,-2.312053445440487,46.405586199809655,74.36375633421946,67.9596631058342
108/06/17,58.4,7275826.0,59.6641096011908,59.963013885558695,61.77205291678889,-2.211450562598428,30.793868375002713,49.575837556146304,61.83172125593823
108/06/18,58.4,6920406.0,59.28440640079387,59.723344904632235,61.52227961549743,-2.128947392251782,30.793868375002713,33.0505583707642,52.23800029421355
108/06/19,62.3,18824990.0,60.03960426719592,60.02778742052686,61.524411952766854,-2.0024828202494236,68.26615686736726,53.741022653680176,52.739007747369094
108/06/20,62.5,9200784.0,60.851402844797285,60.43565618377239,61.59753411024633,-1.8343618414943272,69.28944957137352,63.71850489837183,56.39884013103667
108/06/21,63.2,8702845.0,61.63426856319819,60.89638015314366,61.72080071715046,-1.6323735859968216,72.9525797032057,72.66768251086425,61.8217875909792
108/06/24,63.0,8340391.0,62.006179042132125,61.20531679428638,61.79996989275427,-1.4248294884910346,70.08634746898254,77.37593928397239,67.00650482197693
108/06/25,61.3,9411373.0,61.84578602808808,61.25859732857199,61.7788183625424,-1.2439077975869108,50.03495929103455,69.82295323334006,67.94532095909797
108/06/26,60.5,6452955.0,61.488857352058716,61.177997773809984,61.70160156542375,-1.099846996392282,43.075663378234076,59.75618265870469,65.21560819230021
108/06/27,62.8,9713161.0,61.825904901372475,61.39833147817499,61.763016829621925,-0.952814667403213,61.53386538852912,67.51041108064585,65.98054248841542
108/06/28,61.5,6076704.0,61.817269934248316,61.46527623181249,61.76586168888177,-0.8223688253364267,50.44041113818646,64.5037960663425,65.48829368105778
108/07/01,66.1,15340017.0,63.18651328949888,62.20856352651041,62.08579540512163,-0.6333414359913853,71.92895270680242,70.78030848867276,67.25229861692945
108/07/02,64.6,11481577.0,63.81600885966592,62.68630293875867,62.315734220112276,-0.43255940506382895,61.49531094456293,67.09427973318923,67.19962565568271
108/07/03,64.4,8922250.0,64.01900590644395,62.976085782298895,62.47798543394978,-0.24642745438124072,60.1004532134712,63.71100130360767,66.0367508716577
108/07/04,65.3,12255329.0,64.61267060429596,63.44673815191575,62.733525015953646,-0.05449933631257118,64.45426071276327,65.30505109738229,65.79285094689924
108/07/05,66.2,9852635.0,65.15844706953064,63.91394845992979,63.004023091649515,0.1383856046059984,68.56982429331148,70.47734000099463,67.35434729826437
108/07/08,64.5,6956194.0,65.02229804635375,64.05329038327483,63.138329007676475,0.2937007588044692,54.315329213900206,66.16297552577727,66.957223374102
108/07/09,64.1,5195076.0,64.8065320309025,64.10690865272902,63.233457545547516,0.4096508284798758,51.3039730994579,59.49326573513355,64.46923749444585
108/07/10,66.1,9186866.0,65.12935468726833,64.38492387727418,63.42896081127463,0.5189132759838102,63.45932459015284,64.79878917861362,64.5790880558351
108/07/11,68.4,18592306.0,66.14456979151223,65.01660323106181,63.79404074886889,0.6596431172256322,72.8215286949544,70.5801451666948,66.57944042612166
108/07/12,67.5,4519887.0,66.65471319434148,65.45966935921818,64.09257607587897,0.801133150448349,65.00129931566373,69.07723963493937,67.41204016239423
108/07/15,69.1,11127694.0,67.36147546289432,66.01222446601516,64.45276253158058,0.9527989072455952,71.52485487663482,77.59911213757857,70.80773082078902
108/07/16,69.1,10783351.0,67.99098364192955,66.5518537216793,64.82178079838208,1.108253710455919,71.52485487663483,79.60159388406878,73.73901850854894
108/07/17,67.5,12019953.0,67.88565576128637,66.73904476806608,65.04125919850654,1.2261600822766436,56.38948429466015,72.19341231615516,73.22381644441768
108/07/18,67.6,5998252.0,67.79043717419091,66.88253730672174,65.23808541400604,1.3098184443644565,57.070802674916784,67.80107269164442,71.41623519349326
108/07/19,70.4,16372876.0,68.58529144946061,67.4312810889348,65.6178480744671,1.4105413583851034,71.84834232161775,76.11858952389821,72.98368663696158
108/07/22,70.5,7887635.0,69.19852763297375,67.930234240779,65.98762899181578,1.5169541365007264,72.25761836225858,82.02777763131672,75.99838363507996
108/07/23,71.0,8011331.0,69.84068508864917,68.46269520064916,66.38281137706073,1.6295400739182675,74.48341814530896,82.46296286532224,78.15324337849405
108/07/24,70.9,6887637.0,70.20212339243278,68.8730793338743,66.73221050190222,1.731805825529031,73.07630132802096,81.50592082177945,79.27080252625585
108/07/25,71.0,4949062.0,70.39308226162186,69.19006611156192,67.0431943094482,1.8148190208459691,73.67313181552562,81.54816490159443,80.02992331803539
108/07/26,69.6,7340084.0,70.14538817441456,69.26672175963493,67.24371782410603,1.8564560037825566,53.6814343247708,72.05251809766153,77.37078824457744
108/07/29,69.9,5679015.0,70.02192544960971,69.35143479969578,67.43843183763633,1.8677653954379356,56.70261483077047,67.76290322157028,74.16815990357505
108/07/30,69.7,5541178.0,69.97295029973981,69.43869566641315,67.62586015781815,1.8567794180693487,53.89055710473664,63.5426157531557,70.62631185343527
108/07/31,69.9,8870311.0,69.91530019982655,69.49891305534429,67.79310168413983,1.826585808696371,56.48047804530508,54.18970082468451,65.14744151051835
108/08/01,69.4,9746021.0,69.81853346655103,69.51992754612024,67.93401693920599,1.7784507683399475,48.3355933420336,42.57808011968222,57.62432104690631
108/08/02,68.8,16208884.0,69.42902231103402,69.37493962176687,67.98909255926706,1.6999300271719193,40.024233387475356,40.63028470563845,51.95964226648369
108/08/05,68.8,9768948.0,69.20268154068934,69.27078301813906,68.04762390086191,1.604575845192965,40.02423338747536,40.420189803758944,48.113158112242104
108/08/06,68.3,13866285.0,68.8267876937929,69.07148584844921,68.04972975464176,1.488011894915863,33.17819880653199,39.06800532371806,45.09810718273409
108/08/07,68.8,9146180.0,68.83452512919526,69.03457154037436,68.1112890042847,1.375066023150622,44.558033172284,43.118507614186,44.43824065988472
108/08/08,68.9,6297662.0,68.87301675279684,69.0204762836453,68.17580523472435,1.2689870283046862,46.73509210293108,46.631850604579334,45.16944397478292
108/08/12,68.9,10033392.0,68.85701116853123,68.98789690303774,68.2257432935917,1.1676203445329552,46.735092102931084,48.974079264841556,46.437655738135796
108/08/13,66.6,10660251.0,68.15467411235416,68.61491408586478,68.11222457870004,1.0346341770593133,23.82905957931073,34.16453769171247,42.34661638932802
108/08/14,68.3,9873897.0,68.1864494082361,68.55409507155399,68.12282268803081,0.9139618183520865,52.03793977001955,37.170297855081,40.62117687791235
108/08/15,67.0,7761913.0,67.81596627215741,68.30757922629499,68.04222094279768,0.7842411113811305,38.83897282233352,30.335754125609515,37.19270262714473
108/08/16,67.1,5737890.0,67.55231084810494,68.0938160219125,67.96397317796709,0.6533614578939867,40.238178525870254,28.001613861517328,34.129006371935596
108/08/19,68.7,8344707.0,67.85987389873662,68.15734668492708,68.00328293350809,0.553501916598987,58.4769992950803,44.22329812990041,37.4937702912572
108/08/20,69.3,10448323.0,68.29824926582442,68.32695557077257,68.09341501554592,0.48950964432452027,63.49101005394951,58.775128046196166,44.58755620957019
108/08/21,69.3,5188877.0,68.66549951054962,68.50579630897714,68.1939215528116,0.4539826666927236,63.491010053949516,65.30954482359023,51.494885747576866
108/08/22,70.7,12060797.0,69.26866634036641,68.83399692414763,68.36938912567224,0.45610769304925575,74.02842523166615,74.69911683891524,59.22962944468966
108/08/23,70.7,6617521.0,69.72911089357761,69.13666410345637,68.54482073138976,0.4832548288527258,74.02842523166615,79.6605223370546,66.03992707547798
108/08/26,68.4,5802402.0,69.34440726238508,69.04305341954698,68.54714221359055,0.4857861042734671,43.99109461829682,66.99590378025863,66.35858597707153
108/08/27,69.0,11028993.0,69.19627150825671,69.01921118295581,68.57428512023742,0.4776140959624525,50.30347944671351,62.71949140906128,65.14555445440145
108/08/28,69.0,4493006.0,69.10584767217114,69.00350931912985,68.60126318791146,0.46254050301364014,50.30347944671352,59.86854982826304,63.38655291235531
108/08/29,69.9,3307307.0,69.24556511478076,69.0904244326082,68.67231986576442,0.45365331577966816,60.03300439819344,62.13458877439763,62.96923153303609
108/08/30,71.4,10074740.0,69.88037674318717,69.4336870271735,68.86291064532101,0.47707792899423385,71.278949688732,71.15278891266156,65.69708399291125
108/09/02,71.5,4149088.0,70.33691782879144,69.73640585597792,69.04653290337325,0.5196369337163218,71.9112406990932,78.06582323907169,69.81999707496472
108/09/03,69.5,6789155.0,70.1829452191943,69.7595048799816,69.11026114157531,0.545558294654317,47.05131984631191,64.65649477199378,68.09882964064107
108/09/04,71.3,10091368.0,70.42196347946286,69.94958739998468,69.24793336145413,0.5767774434295634,61.44585854919119,71.93315867682469,69.37693931936894
108/09/05,72.0,13030424.0,70.87297565297524,70.25382283332057,69.44232310288074,0.6237219008316176,65.78643777795145,78.18799725741798,72.31395863205195
108/09/06,71.9,7092703.0,71.2653171019835,70.55318569443381,69.64291363342838,0.6810319328663799,64.54079316053786,80.03230824913145,74.8867418377451
108/09/09,71.6,4228760.0,71.43521140132233,70.75682141202817,69.8069202770108,0.7348057732965779,60.4221296316146,78.93626751492484,76.23658373013835
108/09/10,70.7,6444395.0,71.24847426754822,70.77651784335681,69.88908025570228,0.7653321361681686,49.13432443731531,70.8781465972515,74.45043801917608
108/09/11,71.0,6094087.0,71.16564951169882,70.81376486946401,69.97453562064825,0.7801115586976859,52.671042248521864,64.42381490321822,71.1082303138568
108/09/12,72.0,7420834.0,71.4354330077992,71.00730405788669,70.128417495983,0.7998665593388855,62.96992614618555,70.22193720820614,70.8127992786399
108/09/16,72.1,5454681.0,71.66528867186614,71.19358671490558,70.28200076552277,0.8222104373476707,63.912258644527505,75.09745308829905,72.24101721519294
108/09/17,73.1,8104876.0,72.07685911457743,71.47798892908799,70.48338532202102,0.8566890712915292,72.35446309554457,80.83419949476337,75.10541130838308
108/09/18,73.0,6166193.0,72.36790607638495,71.72332410757332,70.67312491263479,0.895391096020929,70.3787717678234,83.1823956227715,77.79773941317922
108/09/19,73.2,6477092.0,72.61193738425663,71.95277008964443,70.85980761166289,0.934905372413052,72.20057246033477,86.76806172831228,80.78784685155689
108/09/20,73.3,10312808.0,72.7579582561711,72.13564174137036,71.02828394922729,0.969395856359057,73.18991622693136,90.16860680877376,83.91476683729586
108/09/23,73.1,7786153.0,72.88030550411406,72.3005347844753,71.18956979928673,0.9977096821249603,67.43049358461013,87.8901823169602,85.23990533051732
108/09/24,73.3,5401547.0,73.0035370027427,72.45877898706276,71.34806443011082,1.0203106570903548,70.24066119116435,88.00521958385578,86.16167674829681
108/09/25,71.3,11694796.0,72.4856913351618,72.29064915588563,71.35590562779461,1.0031972312904878,34.50974943499466,68.47406795786462,80.26580715148607
108/09/26,71.4,6610031.0,72.10712755677453,72.13387429657136,71.3554513487335,0.9582423745999638,36.44941263631174,56.43369236406667,72.32176888901294
108/09/27,70.8,6038347.0,71.72141837118302,71.93656191380947,71.32426278344631,0.889053725752602,30.042871596114384,42.524422360358166,62.38932004612801
108/10/01,73.5,16758410.0,72.10594558078868,72.09296826150789,71.44355026164274,0.8411265805751118,64.10858219343048,59.72216392651327,61.50026800625643
108/10/02,73.3,6597748.0,72.42896372052579,72.25664021792325,71.56904639536252,0.8104200289722352,61.44879831017133,69.22654065689115,64.07569222313467
108/10/03,72.3,6377576.0,72.37764248035053,72.2597001816027,71.62335051879617,0.7756059557390929,49.20106024451493,65.75887024184897,64.6367515627061
108/10/04,72.8,8510353.0,72.5184283202337,72.34975015133558,71.71386201735032,0.7476623913883266,54.6271816037583,68.34905074946789,65.87418462496002
108/10/07,73.4,4552721.0,72.80395221348913,72.52062512611299,71.84164186216952,0.7339265658993542,60.67581276048848,75.95819069572373,69.23551998188127
